COD_ACIDENTE;DATA;HORA;NATUREZA;SEVERIDADE;LOG1;LOG2;NUMERO_REFERENCIA;BAIRRO;JURISDICAO;LATITUDE;LONGITUDE;TIPOCRUZAMENTO;CONTROLETRAFEGO;LOCAL;ILUMINAÇÃO;TEMPO;SUPERFÍCIE DA PISTA;PRIMEIRA FONTE;AMCBO;SAMU;PECOFE;PRF;PRE;SIM
XNJ9960;2024-02-28;18:38:07;Colisão;Ferido;Bernardo Manuel;;9978;Parque Dois Irmaos;;-3.806028;-38.5537148;Meio De Quadra;;Não informado;;Não informado;;SAMU;;2402280897;;;;
LWT0931;2024-02-28;19:19:47;Queda;Ferido;Porto Franco;;1030;Novo Mondubim;;-3.8112827;-38.5851723;Meio De Quadra;;Não informado;;Não informado;;SAMU;;2402280939;;;;
MCT8992;2024-02-29;07:10:00;Colisão;Ferido;Rua Padre Ascenço Gago;;;SERRINHA;Municipal;-3.780922809437567;-38.54492441067134;Não informado;Não informado;Não informado;Não informado;Não informado;Não informado;PEFOCE;MCT8992;;554828;;;
LXK2363;2024-02-29;10:37:08;Queda;Ferido;Castelo De Castro;;337;Jangurussu;;-3.8320105;-38.5214719;Meio De Quadra;;Não informado;;Não informado;;SAMU;;2402290338;;;;
GJC7654;2024-03-01;17:14:24;Queda;Ferido;Avenida Governador Raul Barbosa;;1180;Aerolandia;;-3.7614004;-38.5067537;Meio De Quadra;;Não informado;;Não informado;;SAMU;;2403010816;;;;
KEI8646;2024-03-01;21:00:18;Queda;Ferido;Professor Moreira De Sousa;;13;Passare;;-3.8147539;-38.5200265;Meio De Quadra;;Não informado;;Não informado;;SAMU;;2403011132;;;;
AVM8446;2024-03-01;21:02:51;Atropelamento;Ferido;Cesar Fonseca;;137;PAPICU;Municipal;-3.7431664;-38.4728956;Não informado;Não informado;Não informado;Não informado;Não informado;Não informado;SAMU;AVM8446;2403011135;;;;
SSZ3672;2024-03-02;01:00:00;Colisão;Fatal;BR-116;;KM 11;PAUPINA;Federal;-3.848226436072428;-38.49683647396598;Não informado;Não informado;Não informado;Não informado;Não informado;Não informado;PEFOCE;SSZ3672;;;;;36845889-0
BBF4246;2024-03-02;15:05:58;Queda;Ferido;Avenida Presidente Costa E Silva;;4289;Passare;;-3.8251224;-38.5415925;Meio De Quadra;;Não informado;;Não informado;;SAMU;;2403020535;;;;
RYH2347;2024-03-02;18:40:34;Colisão;Ferido;Av. Conego De Castro;;8617;Parque Presidente Vargas;;-3.8206474;-38.6035136;Meio De Quadra;;Não informado;;Não informado;;SAMU;;2403020692;;;;
SBQ4262;2024-03-02;18:50:16;Queda;Ferido;Rua Eurico Medina;;652;Dom Lustosa;;-3.7598702;-38.5866738;Meio De Quadra;;Não informado;;Não informado;;SAMU;;2403020701;;;;
VHA8633;2024-03-03;09:35:39;Queda;Ferido;Carlos Vasconcelos;;308;Meireles;;-3.7249195;-38.5081837;Meio De Quadra;;Não informado;;Não informado;;SAMU;;2403030255;;;;
DYH4852;2024-03-03;17:51:50;Queda;Ferido;Geraldo Barbosa;;3096;Bom Jardim;;-3.786356;-38.6193741;Meio De Quadra;;Não informado;;Não informado;;SAMU;;2403030623;;;;
RCY1439;2024-03-04;04:58:47;Queda;Ferido;Tereza Cristina;;31;Centro;;-3.7209056;-38.5349886;Meio De Quadra;;Não informado;;Não informado;;SAMU;;2403040093;;;;
DIN2503;2024-03-04;18:35:17;Queda;Ferido;Avenida Leste Oeste;;Não informado;Cristo Redentor;Não informado;-3.7095397;-38.5645486;Não informado;Não informado;Não informado;Não informado;Não informado;Não informado;SAMU;;2403040836;;;;
TYY0456;2024-03-05;14:36:28;Queda;Ferido;Rua A Lot Messejana;;204;Messejana;Não informado;-3.843076612445119;-38.4919507838001;Não informado;Não informado;Não informado;Não informado;Não informado;Não informado;SAMU;;2403050558;;;;
PYM9914;2024-03-06;10:20:37;Queda;Ferido;Leste Oeste;;2907;Carlito Pamplona;;-3.7112995;-38.5588799;Meio De Quadra;;Não informado;;Não informado;;SAMU;;2403060243;;;;
DYM5727;2024-03-06;14:04:55;Queda;Ferido;Avenida J;;1010;Prefeito Jose Walter;Não informado;-3.8329124290643746;-38.55629163405768;Não informado;Não informado;Não informado;Não informado;Não informado;Não informado;SAMU;;2403060448;;;;
YON7932;2024-03-06;21:03:00;Queda;Ferido;Rua Barra Nova;;39;Jardim Das Oliveiras;Não informado;-3.7842575614529186;-38.505538854669545;Não informado;Não informado;Não informado;Não informado;Não informado;Não informado;SAMU;;2403060853;;;;
KDL4897;2024-03-07;18:26:00;Queda;Ferido;Beira Mar;;3500;MUCURIPE;Municipal;-3.7240266;-38.4897141;Não informado;Não informado;Não informado;Não informado;Não informado;Não informado;SAMU;;2403070903;;;;
QEU6814;2024-03-08;11:56:20;Queda;Ferido;Rua Sargento João Pinheiro;;Não informado;GRANJA LISBOA;Não informado;-3.787074092104768;-38.623978151384385;Não informado;Não informado;Não informado;Não informado;Não informado;Não informado;SAMU;;2403080356;;;;
OPE4964;2024-03-08;15:25:06;Queda;Ferido;Bezzera De Menezes;;2571;PRESIDENTE KENNEDY;Municipal;-3.7363807;-38.5674975;Não informado;Não informado;Não informado;Não informado;Não informado;Não informado;SAMU;;2403080566;;;;
XGD1320;2024-03-08;21:16:29;Colisão;Ferido;Tenente Wilson;Aspirante Mendes;Cruzamento;Alto Da Balanca;;-3.7694731;-38.5140709;Cruzamento;;Não informado;;Não informado;;SAMU;;2403080970;;;;
INX2632;2024-03-09;07:58:21;Queda;Ferido;Bezerra De Meneses;;2461;Sao Gerardo;;-3.7361421;-38.56642739999999;Meio De Quadra;;Não informado;;Não informado;;SAMU;;2403090178;;;;
JEJ1355;2024-03-09;15:36:28;Queda;Ferido;Rua São Francisco;;250;Conjunto Esperanca;Não informado;-3.8190013788676844;-38.585264839885205;Não informado;Não informado;Não informado;Não informado;Não informado;Não informado;SAMU;;2403090638;;;;
MKY2198;2024-03-09;22:54:18;Queda;Ferido;Avenida Sargento Hermínio Sampaio;;3356;Presidente Kennedy;Não informado;-3.7281281162237776;-38.57014085062998;Não informado;Não informado;Não informado;Não informado;Não informado;Não informado;SAMU;;2403091084;;;;
CJS4326;2024-03-10;07:08:56;Colisão;Ferido;CE 040;;Não informado;Messejana;;-3.825945;-38.481651;Meio De Quadra;;Não informado;;Não informado;;SAMU;;2403100214;;;;
AWI6557;2024-03-10;07:13:00;Colisão;Ferido;Avenida Washington Soares;;10008;MESSEJANA;Estadual;-3.828229;-38.4822017;Não informado;Não informado;Não informado;Não informado;Não informado;Não informado;PEFOCE;AWI6557;;541171;;;
JCZ9586;2024-03-10;13:18:50;Queda;Ferido;Maranhao;;360;Pan Americano;;-3.7559108;-38.5653586;Meio De Quadra;;Não informado;;Não informado;;SAMU;;2403100478;;;;
JTO9690;2024-03-10;17:37:57;Queda;Ferido;Beira Mar;;3500;Meireles;;-3.7240266;-38.4897141;Meio De Quadra;;Não informado;;Não informado;;SAMU;;2403100671;;;;
EMZ7512;2024-03-11;10:14:12;Queda;Ferido;Rua 101;;20;MONDUBIM;Não informado;-3.8104640893899293;-38.588805356019435;Não informado;Não informado;Não informado;Não informado;Não informado;Não informado;SAMU;;2403110217;;;;
FUA5797;2024-03-11;20:33:14;Queda;Ferido;Terminal Do Conjunto Ceará;;Não informado;Conjunto Ceara;;-3.7729618;-38.6073189;Meio De Quadra;;Não informado;;Não informado;;SAMU;;2403110801;;;;
RAC9873;2024-03-11;22:30:57;Queda;Ferido;Rua 860;;Não informado;Conjunto Ceara;Não informado;-3.7690235818141598;-38.59930888183019;Não informado;Não informado;Não informado;Não informado;Não informado;Não informado;SAMU;;2403110906;;;;
QPJ1466;2024-03-12;23:00:00;Colisão Transversal;Ferido;RUA TIBURCIO FROTA;RUA NUNES VALENTE;;SAO JOAO DO TAUAPE;Municipal;-3.754494;-38.5091095;Cruz;Pare;Residencial;Via Iluminada;Bom;Seca;AMCBO;975241;;;;;
IXD9371;2024-03-13;07:09:16;Queda;Ferido;Avenida Beira Mar;;Não informado;Meireles;Não informado;-3.725741;-38.4966461;Não informado;Não informado;Não informado;Não informado;Não informado;Não informado;SAMU;;2403130156;;;;
UBY5677;2024-03-13;09:38:49;Atropelamento;Ferido;Avenida Desembargador Gonzaga;;Não informado;Cidade Dos Funcionarios;Não informado;-3.7949476;-38.500899;Não informado;Não informado;Não informado;Não informado;Não informado;Não informado;SAMU;;2403130281;;;;
IBK5120;2024-03-15;05:33:41;Queda;Ferido;Raul Barborsa;;6801;Aerolandia;;-3.7732999;-38.5126442;Meio De Quadra;;Não informado;;Não informado;;SAMU;;2403150101;;;;
LSS4737;2024-03-15;17:41:35;Colisão;Ferido;Avenida Godofredo Maciel;;Não informado;Maraponga;Não informado;-3.7966543760282336;-38.56991723356838;Não informado;Não informado;Não informado;Não informado;Não informado;Não informado;SAMU;;2403150778;;;;
LXN0882;2024-03-15;23:25:01;Colisão;Ferido;Professor Jose Arthur De Carvalho;;2111;Lagoa Redonda;;-3.8249946;-38.4612143;Meio De Quadra;;Não informado;;Não informado;;SAMU;;2403151124;;;;
OCX9980;2024-03-16;13:40:32;Colisão;Ferido;Bezerra De Meneses;;1575;Sao Gerardo;;-3.7345604;-38.5587385;Meio De Quadra;;Não informado;;Não informado;;SAMU;;2403160466;;;;
OGT5827;2024-03-16;15:30:00;Colisão Transversal;Ferido;RUA ESPIRITO SANTO;RUA PARA;;PAN AMERICANO;Municipal;-3.752558165359095;-38.56790557657264;Cruz;Pare;Misto;Luz do Dia;Bom;Seca;AMCBO;975200;;;;;
TTY4593;2024-03-16;15:41:54;Colisão;Ferido;Para;Espirito Santo;Cruzamento;Bela Vista;;-3.7506731;-38.5667442;Cruzamento;;Não informado;;Não informado;;SAMU;;2403160555;;;;
SHG3000;2024-03-16;18:59:11;Colisão;Ferido;Placido Castelo;;51;Jardim Das Oliveiras;;-3.7850733;-38.5109906;Meio De Quadra;;Não informado;;Não informado;;SAMU;;2403160727;;;;
GII8180;2024-03-16;21:21:45;Colisão;Ferido;Rua Miguel Gurgel;;Não informado;Messejana;Não informado;-3.840106050035967;-38.4824021185342;Não informado;Não informado;Não informado;Não informado;Não informado;Não informado;SAMU;;2403160875;;;;
EKF3762;2024-03-16;22:19:36;Colisão;Ferido;Rua São Leopoldo;;461;Ancuri;Não informado;-3.8625589631563457;-38.50471275141718;Não informado;Não informado;Não informado;Não informado;Não informado;Não informado;SAMU;;2403160925;;;;
ZHL8087;2024-03-17;11:51:08;Queda;Ferido;Avenida Beira Mar;;Não informado;Praia De Iracema;Não informado;-3.720102830082019;-38.51238384574194;Não informado;Não informado;Não informado;Não informado;Não informado;Não informado;SAMU;;2403170407;;;;
HFI2220;2024-03-17;14:04:40;Queda;Ferido;Dom Lustosa;;250;Siqueira;;-3.7972062;-38.6295912;Meio De Quadra;;Não informado;;Não informado;;SAMU;;2403170526;;;;
WKH8617;2024-03-18;18:31:00;Queda;Ferido;Avenida Beira Mar;;Não informado;Mucuripe;Não informado;-3.7232731;-38.4848603;Não informado;Não informado;Não informado;Não informado;Não informado;Não informado;SAMU;;2403180870;;;;
SDR0638;2024-03-20;12:02:16;Colisão;Ferido;Rua Muritiapua;;421;Lagoa Redonda;;-3.8189175;-38.4702643;Meio De Quadra;;Não informado;;Não informado;;SAMU;;2403200361;;;;
JMW6660;2024-03-20;16:31:17;Colisão;Ferido;Rua Conego De Castro;Cardoso De Barros;Cruzamento;Vila Peri;;-3.7915051;-38.5794404;Cruzamento;;Não informado;;Não informado;;SAMU;;2403200614;;;;
ACQ4637;2024-03-21;15:30:09;Colisão;Ferido;Avenida Osorio De Paiva;;4056;Siqueira;;-3.7926079;-38.5903666;Meio De Quadra;;Não informado;;Não informado;;SAMU;;2403210559;;;;
VGX2025;2024-03-22;08:05:00;Colisão Transversal;Ferido;Rua Professor Costa Mendes;Rua Edite Braga;;Não informado;Municipal;-3.756951895267748;-38.5442876815796;;Não há Controle;Não informado;;Não informado;;BEST;1301;;;;;
ZBM3253;2024-03-22;13:18:07;Queda;Ferido;Julio Silva;;440;Antonio Diogo;;-3.7451497;-38.4541973;Meio De Quadra;;Não informado;;Não informado;;SAMU;;2403220482;;;;
VXO9284;2024-03-22;18:11:53;Colisão;Ferido;Avenida Duque De Caxias;;1400;Centro;;-3.7295808;-38.5366217;Meio De Quadra;;Não informado;;Não informado;;SAMU;;2403220829;;;;
FRE9140;2024-03-23;03:05:34;Queda;Ferido;Aracati;;132;Benfica;;-3.7416346;-38.5353263;Meio De Quadra;;Não informado;;Não informado;;SAMU;;2403230069;;;;
QGZ1621;2024-03-26;07:52:00;Colisão;Ferido;Presidente Costa E Silva;Av. Godofredo Maciel;Cruzamento;Maraponga;;-3.8116492;-38.5747729;Cruzamento;;Não informado;;Não informado;;SAMU;;2403260144;;;;
OGA3942;2024-03-26;17:32:51;Queda;Ferido;Rua Miguel Gurgel;;Não informado;Messejana;Não informado;-3.840159573774452;-38.48239675388158;Não informado;Não informado;Não informado;Não informado;Não informado;Não informado;SAMU;;2403260745;;;;
RNM7501;2024-03-26;19:15:15;Queda;Ferido;BR 116 KM 7;;Não informado;Cajazeiras;;-3.81140264443181;-38.5007611498622;Meio De Quadra;;Não informado;;Não informado;;SAMU;;2403260877;;;;
APB2464;2024-03-26;19:28:23;Queda;Ferido;Tupi;;1637;Joao Xxiii;;-3.7712617;-38.58468;Meio De Quadra;;Não informado;;Não informado;;SAMU;;2403260899;;;;
PWG5637;2024-03-27;15:32:32;Queda;Ferido;Olimpio Leite;;306;Jose De Alencar;;-3.8145471;-38.4821031;Meio De Quadra;;Não informado;;Não informado;;SAMU;;2403270652;;;;
NSW2840;2024-03-28;06:57:41;Queda;Ferido;Domingos Olimpio;;162;Jose Bonifacio;;-3.738219;-38.5256613;Meio De Quadra;;Não informado;;Não informado;;SAMU;;2403280126;;;;
MCD1076;2024-04-01;07:02:27;Colisão;Ferido;Professor  Heraclito;;1024;Papicu;;-3.7334556;-38.4722578;Meio De Quadra;;Não informado;;Não informado;;SAMU;;2404010121;;;;
RSH2401;2024-04-01;22:59:16;Colisão;Ferido;Avenida Mister Hull;;Não informado;Presidente Kennedy;Não informado;-3.736716399419274;-38.57071617631208;Não informado;Não informado;Não informado;Não informado;Não informado;Não informado;SAMU;;2404010950;;;;
QFP3299;2024-04-02;19:13:33;Queda;Ferido;Rua Cidade de Rio Branco;;158;JOAO XXIII;Municipal;-3.7665559303165175;-38.58839100684851;Não informado;Não informado;Não informado;Não informado;Não informado;Não informado;SAMU;;2404020806;;;;
JYM3483;2024-04-04;18:41:12;Queda;Ferido;Julio Silva;;440;Antonio Diogo;;-3.7451497;-38.4541973;Meio De Quadra;;Não informado;;Não informado;;SAMU;;2404040864;;;;
PCM5175;2024-04-05;13:07:53;Queda;Ferido;Emilio De Menezes;;2028;Granja Portugal;;-3.7784151;-38.5991868;Meio De Quadra;;Não informado;;Não informado;;SAMU;;2404050513;;;;
EGG7566;2024-04-05;16:55:48;Colisão;Ferido;Av. Rui Barbosa;Barbara De Alencar;Cruzamento;Aldeota;;-3.7391913;-38.5104513;Cruzamento;;Não informado;;Não informado;;SAMU;;2404050725;;;;
UFB5342;2024-04-05;21:57:48;Queda;Ferido;Doutor Theberge;Avenida Francisco Sa;Cruzamento;Carlito Pamplona;;-3.7148176;-38.5649859;Cruzamento;;Não informado;;Não informado;;SAMU;;2404051013;;;;
JRP4009;2024-04-05;22:12:16;Queda;Ferido;Olegario Memoria;;2787;Sapiranga;;-3.7913749;-38.4729418;Meio De Quadra;;Não informado;;Não informado;;SAMU;;2404051028;;;;
DXA4805;2024-04-06;09:58:24;Colisão;Ferido;Avenida A;;1280;Conjunto Ceara;Não informado;-3.771368111892114;-38.604850326358694;Não informado;Não informado;Não informado;Não informado;Não informado;Não informado;SAMU;;2404060324;;;;
JYJ5790;2024-04-06;13:34:50;Queda;Ferido;Rua Rio Grande Do Sul;Paraiba;Cruzamento;Democrito Rocha;;-3.7593408;-38.5680309;Cruzamento;;Não informado;;Não informado;;SAMU;;2404060513;;;;
XEE5284;2024-04-06;14:10:22;Colisão;Ferido;General Osorio Ide Paiva;;528;Parangaba;;-3.7761172;-38.5672863;Meio De Quadra;;Não informado;;Não informado;;SAMU;;2404060560;;;;
ASK6124;2024-04-06;16:06:42;Queda;Ferido;Rua Coronel Matos Dourado;;376;Antonio Bezerra;;-3.7421631;-38.58518979999999;Meio De Quadra;;Não informado;;Não informado;;SAMU;;2404060686;;;;
EWR1622;2024-04-06;19:03:18;Queda;Ferido;Bernardo Manuel;;341;Parque Dois Irmaos;;-3.8216344;-38.5584415;Meio De Quadra;;Não informado;;Não informado;;SAMU;;2404060883;;;;
PYE0008;2024-04-06;19:52:22;Queda;Ferido;Deputado Paulino Rocha [Cond. Morada Dos Bosques];;1001;Cajazeiras;;-3.8060323;-38.5081668;Meio De Quadra;;Não informado;;Não informado;;SAMU;;2404060947;;;;
GLY6927;2024-04-06;21:32:13;Queda;Ferido;Rua Barão do Rio Branco;;Não informado;Centro;Não informado;-3.7339094084247675;-38.530605134320375;Não informado;Não informado;Não informado;Não informado;Não informado;Não informado;SAMU;;2404061091;;;;
ARM0426;2024-04-06;21:54:09;Queda;Ferido;Rua Francisco Matias;;445;Sabiaguaba;Não informado;-3.804335387323467;-38.45152990544001;Não informado;Não informado;Não informado;Não informado;Não informado;Não informado;SAMU;;2404061121;;;;
FXJ6909;2024-04-06;22:38:15;Queda;Ferido;Barao Do Rio Branco;;910;Centro;;-3.7263564;-38.5282551;Meio De Quadra;;Não informado;;Não informado;;SAMU;;2404061167;;;;
ANM9603;2024-04-08;08:32:16;Queda;Ferido;Conego  De  Castro;;3336;Parque Sao Jose;;-3.797329299999999;-38.5848148;Meio De Quadra;;Não informado;;Não informado;;SAMU;;2404080220;;;;
ZYU7659;2024-04-08;11:48:51;Queda;Ferido;Avenida L;;Não informado;Vila Velha;Não informado;-3.7129724524121555;-38.599888241557785;Não informado;Não informado;Não informado;Não informado;Não informado;Não informado;SAMU;;2404080466;;;;
CPR2866;2024-04-09;07:02:00;Colisão Transversal;Ferido;Avenida Val Paraíso;;;Não informado;Municipal;-3.8473395;-38.5155088;;Não há Controle;Não informado;;Não informado;;BEST;1356;;;;;
TLR6783;2024-04-09;16:01:42;Colisão;Ferido;Rua Jose Avelino;;833;Praia De Iracema;;-3.7226419;-38.5155948;Meio De Quadra;;Não informado;;Não informado;;SAMU;;2404090659;;;;
ANJ7416;2024-04-09;17:22:51;Queda;Ferido;Avenida Humberto Monte;;Não informado;Pici;Não informado;-3.743779337847528;-38.56496589895015;Não informado;Não informado;Não informado;Não informado;Não informado;Não informado;SAMU;;2404090739;;;;
TEZ6158;2024-04-09;23:53:07;Queda;Ferido;Maestro Lisboa;;5451;Lagoa Redonda;;-3.805547299999999;-38.4500012;Meio De Quadra;;Não informado;;Não informado;;SAMU;;2404091098;;;;
RMC3706;2024-04-10;06:31:19;Queda;Ferido;Avenida Jose Jatahy;;764;Benfica;;-3.7278082;-38.5457256;Meio De Quadra;;Não informado;;Não informado;;SAMU;;2404100109;;;;
ZVV7788;2024-04-10;06:56:00;Colisão Frontal;Ferido;Rua Júlio Braga;;786;BONSUCESSO;Municipal;-3.776308733333064;-38.57819860204775;Não informado;Pare;Misto;Luz do Dia;Chuva;Molhada;AMCBO;974939;2404100122;;;;
EZP2019;2024-04-10;14:55:00;Atropelamento;Não informado;Rua Dom Jerônimo;AV DOMINGOS OLIMPIO;;FARIAS BRITO;Municipal;-3.733223216531418;-38.54343311113846;Cruz;Pare;Residencial;Luz do Dia;Bom;Seca;AMCBO;976050;;;;;
VKI1319;2024-04-10;20:42:02;Queda;Ferido;Avenida Presidente Costa e Silva;;Não informado;Prefeito Jose Walter;Não informado;-3.824369925577011;-38.544833313618625;Não informado;Não informado;Não informado;Não informado;Não informado;Não informado;SAMU;;2404101016;;;;
ZVX4466;2024-04-10;21:24:56;Atropelamento;Ferido;Monsenhor Sabino Feijão;;388;Bom Jardim;;-3.7892754;-38.5952769;Meio De Quadra;;Não informado;;Não informado;;SAMU;;2404101053;;;;
WRA3576;2024-04-11;17:55:41;Queda;Ferido;Avenida Lineu Machado;;1451;Joquei Clube;;-3.7724362;-38.5802094;Meio De Quadra;;Não informado;;Não informado;;SAMU;;2404110749;;;;
VGS5663;2024-04-11;18:00:33;Colisão;Ferido;Rua Professor Jacinto Botelho;;171;Guararapes;;-3.7587771;-38.4906362;Meio De Quadra;;Não informado;;Não informado;;SAMU;;2404110753;;;;
EEP2545;2024-04-11;23:43:21;Queda;Ferido;428;;125;Conjunto Ceara;;-3.7606089;-38.6047496;Meio De Quadra;;Não informado;;Não informado;;SAMU;;2404111025;;;;
SNX9807;2024-04-12;19:31:00;Colisão;Ferido;Rua Romeu Martins;RUA EUZEBIO DE QUEIROS;640;MONTESE;Municipal;-3.7658868262098775;-38.55325535280991;Cruz;Pare;Residencial;Não informado;Bom;Seca;AMCBO;975365;2404120810;554331;;;
YSS7364;2024-04-12;19:52:20;Queda;Ferido;Dona Lucia Pinheiro;;2240;Quintino Cunha;;-3.731816;-38.5984448;Meio De Quadra;;Não informado;;Não informado;;SAMU;;2404120856;;;;
CTC5461;2024-04-13;10:35:49;Queda;Ferido;Rua Alfredo Mamede;;246;Mondubim;;-3.8074837;-38.5801902;Meio De Quadra;;Não informado;;Não informado;;SAMU;;2404130402;;;;
AJF4274;2024-04-13;17:32:04;Queda;Ferido;Senador Fernandes Tavora;;2433;Autran Nunes;;-3.7560528;-38.5937121;Meio De Quadra;;Não informado;;Não informado;;SAMU;;2404130822;;;;
YFR4691;2024-04-13;21:20:48;Queda;Ferido;1044;;56;Conjunto Ceara;;-3.765250199999999;-38.6146465;Meio De Quadra;;Não informado;;Não informado;;SAMU;;2404131093;;;;
FGP1837;2024-04-13;22:01:49;Colisão;Ferido;Avenida Senador Carlos Jereissati;;Não informado;Serrinha;Não informado;-3.7809388676642106;-38.53953315929164;Não informado;Não informado;Não informado;Não informado;Não informado;Não informado;SAMU;;2404131135;;;;
IGC1481;2024-04-14;17:51:02;Queda;Ferido;Rua Rio Grande Do Norte;Americo Barreira;Cruzamento;Parangaba;;-3.760606299999999;-38.5644354;Cruzamento;;Não informado;;Não informado;;SAMU;;2404140766;;;;
NQG7268;2024-04-14;22:04:12;Queda;Ferido;Urucutuba;;1422;Bom Jardim;;-3.7974347;-38.6071567;Meio De Quadra;;Não informado;;Não informado;;SAMU;;2404141041;;;;
HDA5240;2024-04-15;10:44:22;Queda;Ferido;Rua Sargento João Pinheiro;;Não informado;Granja Lisboa;Não informado;-3.7836901727704575;-38.623057159978906;Não informado;Não informado;Não informado;Não informado;Não informado;Não informado;SAMU;;2404150386;;;;
RCP5519;2024-04-15;18:11:03;Queda;Ferido;BR 116 KM 13;;Não informado;Parque Santa Maria;;-3.86088541669457;-38.497154260156;Meio De Quadra;;Não informado;;Não informado;;SAMU;;2404150824;;;;
ATB2348;2024-04-15;18:42:24;Colisão;Ferido;Washington Soares;;8776;Messejana;;-3.828598599999999;-38.4823485;Meio De Quadra;;Não informado;;Não informado;;SAMU;;2404150854;;;;
JWF7829;2024-04-15;21:52:24;Queda;Ferido;Rua 856;;Não informado;Conjunto Ceara;Não informado;-3.7702279644931838;-38.599652205756996;Não informado;Não informado;Não informado;Não informado;Não informado;Não informado;SAMU;;2404151101;;;;