COD_ACIDENTE;DATA;HORA;NATUREZA;SEVERIDADE;LOG1;LOG2;NUMERO_REFERENCIA;BAIRRO;JURISDICAO;LATITUDE;LONGITUDE;TIPOCRUZAMENTO;CONTROLETRAFEGO;LOCAL;ILUMINAÇÃO;TEMPO;SUPERFÍCIE DA PISTA;PRIMEIRA FONTE;AMCBO;SAMU;PECOFE;PRF;PRE;SIM
AAL6926;2024-04-16;07:15:24;Colisão;Ferido;Lauro Nogueira Esq.;Rua Drº Batista De Oliveira;Cruzamento;Papicu;;-3.742439;-38.4798073;Cruzamento;;Não informado;;Não informado;;SAMU;;2404160157;;;;
IHN0084;2024-04-17;07:10:56;Colisão;Ferido;Rua Itatiaia;;Não informado;Canindezinho;Não informado;-3.8095221;-38.6030058;Não informado;Não informado;Não informado;Não informado;Não informado;Não informado;SAMU;;2404170143;;;;
HBX8226;2024-04-17;15:17:10;Queda;Ferido;Rua Miguel Gurgel;;Não informado;Messejana;Não informado;-3.840175630895356;-38.482412847839406;Não informado;Não informado;Não informado;Não informado;Não informado;Não informado;SAMU;;2404170630;;;;
RBY8436;2024-04-20;15:37:10;Colisão;Ferido;Antonino De Castro;Rua Chico Lemos;Cruzamento;Cidade Dos Funcionarios;;-3.7938454;-38.4979958;Cruzamento;;Não informado;;Não informado;;SAMU;;2404200583;;;;
MLF6504;2024-04-20;19:01:31;Colisão;Ferido;Eduardo Salgado;Carlos Vasconcelos;Cruzamento;Aldeota;;-3.7332925;-38.51089510000001;Cruzamento;;Não informado;;Não informado;;SAMU;;2404200740;;;;
YKZ3186;2024-04-21;07:00:00;Colisão;Fatal;Avenida Washington Soares;;8007;MESSEJANA;Estadual;-3.8219401782101206;-38.4811401849109;Não informado;Não informado;Não informado;Não informado;Não informado;Não informado;PEFOCE;JZH5217;2404210210;281284;;;36875215-1
OWE8337;2024-04-21;07:14:51;Colisão;Ferido;Whashington Soares;;8494;Messejana;;-3.8260685;-38.4817712;Meio De Quadra;;Não informado;;Não informado;;SAMU;;2404210210;;;;
WBD1711;2024-04-22;21:44:51;Queda;Ferido;Fernandes Benevides;;272;Cidade Dos Funcionarios;;-3.7926666;-38.4920869;Meio De Quadra;;Não informado;;Não informado;;SAMU;;2404220958;;;;
IBA8900;2024-04-23;13:29:11;Queda;Ferido;Beira Mar  Esquina;Ru Joao Cordeiro;Cruzamento;Praia De Iracema;;-3.722312;-38.5121126;Cruzamento;;Não informado;;Não informado;;SAMU;;2404230519;;;;
IPC8919;2024-04-23;15:40:00;Colisão;Ferido;Avenida Val Paraíso;;323;JANGURUSSU;Municipal;-3.850639457049814;-38.507679102876246;Não informado;Não informado;Não informado;Não informado;Não informado;Não informado;PEFOCE;IPC8919;2404230653;558132;;;
OYB6850;2024-04-23;19:33:12;Queda;Ferido;Paulino Rocha;;2450;Cajazeiras;;-3.8104298;-38.5179528;Meio De Quadra;;Não informado;;Não informado;;SAMU;;2404230877;;;;
PNJ9797;2024-04-23;20:39:32;Queda;Ferido;Avenida C;RUA 731 CJ CEARA;1260;Conjunto Ceara;Não informado;-3.765331299999999;-38.6109138;Não informado;Não informado;Não informado;Não informado;Não informado;Não informado;SAMU;;2404230937;;;;
SSA0664;2024-04-24;13:31:07;Queda;Ferido;Avenida Santos Dumont;;6870;Coco;;-3.7446848;-38.4723514;Meio De Quadra;;Não informado;;Não informado;;SAMU;;2404240469;;;;
JAD2857;2024-04-24;20:16:59;Queda;Ferido;Leon Gradvol;;150;Maraponga;;-3.794756899999999;-38.5656006;Meio De Quadra;;Não informado;;Não informado;;SAMU;;2404240843;;;;
KAY3627;2024-04-25;16:27:29;Atropelamento;Ferido;Padre Rodolfo;;701 A;Novo Mondubim;;-3.8043737;-38.5866979;Meio De Quadra;;Não informado;;Não informado;;SAMU;;2404250727;;;;
VEC7701;2024-04-25;19:27:19;Queda;Ferido;Monsenhor Bruno;;2222;Joaquim Tavora;;-3.7421503;-38.5125895;Meio De Quadra;;Não informado;;Não informado;;SAMU;;2404250890;;;;
RDT3711;2024-04-26;11:24:49;Colisão;Ferido;Osorio De Paiva;;5854;Canindezinho;;-3.8075898;-38.6049484;Meio De Quadra;;Não informado;;Não informado;;SAMU;;2404260336;;;;
MNH5885;2024-04-26;17:25:19;Colisão;Ferido;Rua Fausto Cabral;;835;Papicu;;-3.7342459;-38.4744951;Meio De Quadra;;Não informado;;Não informado;;SAMU;;2404260695;;;;
TUV9622;2024-04-26;21:07:49;Queda;Ferido;Nicolau Coelho;;243;Messejana;;-3.8192408;-38.4920677;Meio De Quadra;;Não informado;;Não informado;;SAMU;;2404260942;;;;
GVR0427;2024-04-26;22:24:22;Colisão;Ferido;Avenida Washington Soares;;Não informado;Edson Queiroz;Não informado;-3.7863307349820645;-38.48075962928509;Não informado;Não informado;Não informado;Não informado;Não informado;Não informado;SAMU;;2404261014;;;;
INW6342;2024-04-27;13:16:00;Queda;Ferido;Av. Val Paraiso;Conj. Sitio Sao Joao;Cruzamento;Jangurussu;;-3.8486229;-38.5155176;Cruzamento;;Não informado;;Não informado;;SAMU;;2404270485;;;;
HBG4231;2024-04-27;14:39:47;Queda;Ferido;Rua Conselheiro Lafayette;;866;Jardim Iracema;Não informado;-3.7179045;-38.58405;Não informado;Não informado;Não informado;Não informado;Não informado;Não informado;SAMU;;2404270577;;;;
XBX1584;2024-04-27;20:51:33;Colisão;Ferido;Maestro Lisboa;Avenida Odilon Guimaraes  [];Cruzamento;Lagoa Redonda;;-3.8078104;-38.4616631;Cruzamento;;Não informado;;Não informado;;SAMU;;2404270924;;;;
KRB8491;2024-04-29;19:17:51;Queda;Ferido;Vital Brasil;;1701;Granja Portugal;;-3.7785448;-38.5961259;Meio De Quadra;;Não informado;;Não informado;;SAMU;;2404290859;;;;
IFF1338;2024-04-29;20:44:23;Queda;Ferido;Contorno;;300;Edson Queiroz;;-3.769565;-38.4739686;Meio De Quadra;;Não informado;;Não informado;;SAMU;;2404290941;;;;
ROT8601;2024-04-30;08:24:57;Colisão;Ferido;Fernanda Barbara De Alencar;;88;Ancuri;;-3.8595894;-38.5063508;Meio De Quadra;;Não informado;;Não informado;;SAMU;;2404300159;;;;
JHX8382;2024-04-30;16:42:05;Queda;Ferido;Avenida Joao Pessoa;;6754;Parangaba;;-3.7695585;-38.560813;Meio De Quadra;;Não informado;;Não informado;;SAMU;;2404300668;;;;
LKG2421;2024-05-01;08:30:53;Queda;Ferido;Beira Mar;;830;Praia De Iracema;;-3.7200483;-38.5124152;Meio De Quadra;;Não informado;;Não informado;;SAMU;;2405010212;;;;
FWK0192;2024-05-01;16:08:48;Queda;Ferido;Alameda das Margaridas;;382;Cidade 2000;Não informado;-3.753832158611446;-38.470074688247536;Não informado;Não informado;Não informado;Não informado;Não informado;Não informado;SAMU;;2405010580;;;;
HZW2172;2024-05-01;17:38:03;Queda;Ferido;Avenida Beira Mar;;Não informado;Praia De Iracema;Não informado;-3.7202697803323157;-38.51165798262809;Não informado;Não informado;Não informado;Não informado;Não informado;Não informado;SAMU;;2405010647;;;;
CHD1624;2024-05-02;18:50:00;Colisão;Ferido;RUA SILVIA JATAHY;RUA NUNES VALENTE;376;Meireles;Municipal;-3.7282531;-38.50117789999999;Não informado;Não informado;Não informado;Não informado;Não informado;Não informado;SAMU;CHD1624;2405020877;561563;;;
TGQ7382;2024-05-04;17:37:17;Queda;Ferido;Sao Lazaro;;546;Manuel Satiro;;-3.8017098;-38.5811944;Meio De Quadra;;Não informado;;Não informado;;SAMU;;2405040648;;;;
BPF3161;2024-05-05;10:14:54;Colisão;Ferido;Desembargador Gonzaga;;861;Jardim Das Oliveiras;;-3.7950194;-38.50086599999999;Meio De Quadra;;Não informado;;Não informado;;SAMU;;2405050338;;;;
YVC1768;2024-05-05;17:43:39;Colisão;Ferido;Avenida Godofredo Maciel;;6335;Mondubim;;-3.8317666;-38.5812056;Meio De Quadra;;Não informado;;Não informado;;SAMU;;2405050692;;;;
UKU0175;2024-05-06;07:23:53;Queda;Ferido;Avenida Godofredo Maciel;;Não informado;Maraponga;Não informado;-3.7970504716627174;-38.570040620343796;Não informado;Não informado;Não informado;Não informado;Não informado;Não informado;SAMU;;2405060156;;;;
DWC2332;2024-05-06;09:11:44;Queda;Ferido;Osorio De Piava;;1401;Parangaba;;-3.780214;-38.5737999;Meio De Quadra;;Não informado;;Não informado;;SAMU;;2405060233;;;;
CEB9069;2024-05-07;06:18:08;Atropelamento;Ferido;Avenida General Osório de Paiva;;Não informado;Siqueira;Não informado;-3.802991884361359;-38.60048370556463;Não informado;Não informado;Não informado;Não informado;Não informado;Não informado;SAMU;;2405070145;;;;
IHB0578;2024-05-07;09:08:50;Colisão;Ferido;Nogueira Acioli;;330;Centro;;-3.7267988;-38.515876;Meio De Quadra;;Não informado;;Não informado;;SAMU;;2405070280;;;;
OEF9253;2024-05-08;14:14:22;Atropelamento;Ferido;General Sampaio;;822;Centro;;-3.7255792;-38.5304158;Meio De Quadra;;Não informado;;Não informado;;SAMU;;2405080443;;;;
RFC7434;2024-05-08;16:25:32;Queda;Ferido;Travessa Da Graviola;;165;Barroso;;-3.8201637;-38.5176682;Meio De Quadra;;Não informado;;Não informado;;SAMU;;2405080582;;;;
LHN0249;2024-05-08;20:39:02;Queda;Ferido;Travessa Rio Claro;Engenheiro Santana Junior;55;VARJOTA;Municipal;-3.734411589475413;-38.48109747162953;Não informado;Não informado;Não informado;Não informado;Não informado;Não informado;SAMU;;2405080841;;;;
ALP8325;2024-05-09;07:56:58;Queda;Ferido;Rua Irma Bazet;;874;Não informado;;-3.7658276;-38.550095;Meio De Quadra;;Não informado;;Não informado;;SAMU;;2405090170;;;;
RYX7721;2024-05-09;17:00:00;Colisão;Ferido;Rua Vicente De Castro;;1355;Cais Do Porto;Municipal;-3.7112404;-38.4711445;Não informado;Não informado;Não informado;Não informado;Não informado;Não informado;SAMU;RYX7721;2405090728;565418;;;
SNE2747;2024-05-09;17:11:11;Colisão;Ferido;Rua Coronel Alexandrino;Rua Isaias Boris;Cruzamento;Montese;;-3.7675081;-38.549657;Cruzamento;;Não informado;;Não informado;;SAMU;;2405090737;;;;
ZYO6645;2024-05-09;18:51:42;Queda;Ferido;Osorio De Paiva;;7750;Siqueira;;-3.821083;-38.6181157;Meio De Quadra;;Não informado;;Não informado;;SAMU;;2405090858;;;;
SAS7763;2024-05-09;19:29:02;Colisão;Ferido;Avenida João Pessoa;Costa Prof. Costa Mendes;Cruzamento;DAMAS;Municipal;-3.7525153420242088;-38.549359515322664;Não informado;Não informado;Não informado;Não informado;Não informado;Não informado;SAMU;;2405090895;;;;
UOY0682;2024-05-09;19:35:30;Queda;Ferido;Urucutuba;;1671;Bom Jardim;;-3.798085;-38.6113284;Meio De Quadra;;Não informado;;Não informado;;SAMU;;2405090901;;;;
NQG3795;2024-05-09;20:40:00;Colisão;Ferido;Avenida Pessoa Anta;;411;PRAIA DE IRACEMA;Municipal;-3.720782675392375;-38.519615086875966;Não informado;Não informado;Não informado;Não informado;Não informado;Não informado;PEFOCE;NQG3795;2405090992;565420;;;
PRN6430;2024-05-09;23:01:00;Colisão;Ferido;G - Cidade Jardim Ii;;Não informado;Prefeito Jose Walter;;-3.8398548;-38.5535608;Meio De Quadra;;Não informado;;Não informado;;SAMU;;2405091120;;;;
OZF5645;2024-05-11;13:53:37;Colisão;Ferido;Almirante Barroso;;977;Praia De Iracema;;-3.720069;-38.5140577;Meio De Quadra;;Não informado;;Não informado;;SAMU;;2405110531;;;;
CKT2182;2024-05-11;19:19:36;Colisão;Ferido;Equador;;779;Parangaba;;-3.7744717;-38.5525561;Meio De Quadra;;Não informado;;Não informado;;SAMU;;2405110847;;;;
CBL9029;2024-05-12;18:39:41;Queda;Ferido;Avenida Godofredo Maciel;;2640;Maraponga;Não informado;-3.8044711;-38.572465;Não informado;Não informado;Não informado;Não informado;Não informado;Não informado;SAMU;;2405120760;;;;
ULI6118;2024-05-12;21:30:24;Queda;Ferido;Leste Oeste;;Não informado;Barra Do Ceara;;-3.7051223;-38.5766626;Meio De Quadra;;Não informado;;Não informado;;SAMU;;2405120945;;;;
KNY1687;2024-05-13;08:06:21;Colisão;Ferido;Upa Jangurussu;;Não informado;Jangurussu;;-3.8392027;-38.5224355;Meio De Quadra;;Não informado;;Não informado;;SAMU;;2405130150;;;;
OMN2485;2024-05-14;10:38:13;Queda;Ferido;Rua 71;;Não informado;Prefeito Jose Walter;Não informado;-3.83066441009606;-38.554440926492454;Não informado;Não informado;Não informado;Não informado;Não informado;Não informado;SAMU;;2405140312;;;;
IZB6430;2024-05-15;17:33:10;Queda;Ferido;Oscar  Araripe;;2150;Bom Jardim;;-3.787654299999999;-38.6103685;Meio De Quadra;;Não informado;;Não informado;;SAMU;;2405150685;;;;
BUZ6514;2024-05-15;21:04:02;Queda;Ferido;Avenida Beira Mar;;Não informado;Meireles;Não informado;-3.725741;-38.4966461;Não informado;Não informado;Não informado;Não informado;Não informado;Não informado;SAMU;;2405150864;;;;
TGC6388;2024-05-16;17:18:00;Atropelamento;Ferido;Avenida Borges de Melo;;166;SAO JOAO DO TAUAPE;Municipal;-3.761272670292713;-38.52016761583399;Meio de quadra;Não há Controle;Residencial;Luz do Dia;Bom;Seca;AMCBO;975233;2405160724;;;;
UMJ2793;2024-05-16;20:47:55;Queda;Ferido;Rua Sargento João Pinheiro;;Não informado;Granja Lisboa;Não informado;-3.783706230945817;-38.62303570089931;Não informado;Não informado;Não informado;Não informado;Não informado;Não informado;SAMU;;2405160941;;;;
XLE2499;2024-05-17;00:00:00;Colisão;Ferido;Rua Professor José Silveira;RUA PEDRO SAMPAIO;;PASSARE;Municipal;-3.8092038;-38.5246049;Não informado;Não informado;Não informado;Não informado;Não informado;Não informado;PEFOCE;XLE2499;;569018;;;
HEF6439;2024-05-17;07:30:00;Colisão Transversal;Ferido;R. Dr. Pedro Sampaio;Rua Professor José Silveira;;Não informado;Municipal;-3.809237834982907;-38.52465698675648;;Não há Controle;Não informado;;Não informado;;BEST;1503;;;;;
FVU7365;2024-05-17;07:43:12;Atropelamento;Ferido;Pedro Sampaio;R. Professor Silveira-Castelao;Cruzamento;Passare;;-3.8072834;-38.5224331;Cruzamento;;Não informado;;Não informado;;SAMU;;2405170154;;;;
CBJ7059;2024-05-17;17:33:58;Queda;Ferido;Tupipa;;500;Barra Do Ceara;;-3.714727;-38.5796478;Meio De Quadra;;Não informado;;Não informado;;SAMU;;2405170609;;;;
IYW1368;2024-05-17;18:45:26;Queda;Ferido;Avenida Contôrno;;Não informado;Edson Queiroz;Não informado;-3.770223615336506;-38.474289438656925;Não informado;Não informado;Não informado;Não informado;Não informado;Não informado;SAMU;;2405170660;;;;
DZQ8797;2024-05-17;19:48:52;Queda;Ferido;Julio Silva;;440;Antonio Diogo;;-3.7451497;-38.4541973;Meio De Quadra;;Não informado;;Não informado;;SAMU;;2405170716;;;;
VIO8244;2024-05-17;20:44:08;Queda;Ferido;Alencar De Oliveira;;106;Passare;;-3.8110912;-38.5189435;Meio De Quadra;;Não informado;;Não informado;;SAMU;;2405170765;;;;
AUG5120;2024-05-18;05:18:30;Queda;Ferido;Rua Miguel Gurgel;;Não informado;Messejana;Não informado;-3.840089992913765;-38.48238065992377;Não informado;Não informado;Não informado;Não informado;Não informado;Não informado;SAMU;;2405180091;;;;
UCW9736;2024-05-18;14:40:00;Colisão;Ferido;Avenida Doutor Mendel Steinbruch;;6240;CONJUNTO ESPERANCA;Estadual;-3.8301291666139594;-38.580785537224784;Não informado;Não informado;Não informado;Não informado;Não informado;Não informado;PEFOCE;UCW9736;;567562;;;
MTG7407;2024-05-18;15:06:58;Queda;Ferido;Avenida Humberto Monte;;2723;Pici;Não informado;-3.7400268975176187;-38.568157704689185;Não informado;Não informado;Não informado;Não informado;Não informado;Não informado;SAMU;;2405180588;;;;
WSB5967;2024-05-19;02:00:01;Colisão;Ferido;BR 116;;Não informado;Aerolandia;;-3.774445;-38.51585;Meio De Quadra;;Não informado;;Não informado;;SAMU;;2405190061;;;;
ZPB7783;2024-05-19;04:30:28;Queda;Ferido;Leste Oeste;;Não informado;Pirambu;;-3.7072513;-38.5715349;Meio De Quadra;;Não informado;;Não informado;;SAMU;;2405190134;;;;
YHY2988;2024-05-19;12:17:37;Colisão;Ferido;Porto Velho;;44;Joao Xxiii;;-3.7690017;-38.581209;Meio De Quadra;;Não informado;;Não informado;;SAMU;;2405190452;;;;
RYH6085;2024-05-19;13:42:02;Queda;Ferido;Rua Viriato Ribeiro;;1927;Pici;;-3.7433206;-38.5678247;Meio De Quadra;;Não informado;;Não informado;;SAMU;;2405190528;;;;
DHO2739;2024-05-20;06:20:39;Queda;Ferido;Avenida Beira Mar;;2600;Meireles;;-3.7255493;-38.4975044;Meio De Quadra;;Não informado;;Não informado;;SAMU;;2405200102;;;;
YEC0514;2024-05-20;19:47:56;Colisão;Ferido;Independencia;;867;Quintino Cunha;;-3.7277147;-38.58835759999999;Meio De Quadra;;Não informado;;Não informado;;SAMU;;2405200911;;;;
EIZ6605;2024-05-21;20:59:16;Colisão;Ferido;Bom Jesus;;1401;Bom Jardim;;-3.7933146;-38.6045438;Meio De Quadra;;Não informado;;Não informado;;SAMU;;2405210882;;;;
NKX5252;2024-05-22;10:30:59;Colisão;Ferido;Avenida Contôrno Sul;;Não informado;Jangurussu;Não informado;-3.8360275312948717;-38.51779118263465;Não informado;Não informado;Não informado;Não informado;Não informado;Não informado;SAMU;;2405220273;;;;
VTM1431;2024-05-22;22:46:24;Queda;Ferido;Jose Dantas Pereira;;447;Canindezinho;;-3.8218434;-38.6091151;Meio De Quadra;;Não informado;;Não informado;;SAMU;;2405220952;;;;
MZB3986;2024-05-23;18:05:06;Queda;Ferido;Rua Americo Vespucio;;1314;Serrinha;;-3.7902104;-38.5510036;Meio De Quadra;;Não informado;;Não informado;;SAMU;;2405230775;;;;
LST7815;2024-05-25;15:04:55;Queda;Ferido;Julio Silva;;440;Antonio Diogo;;-3.7451497;-38.4541973;Meio De Quadra;;Não informado;;Não informado;;SAMU;;2405250621;;;;
NXN1845;2024-05-25;18:17:18;Queda;Ferido;Avenida Washington Soares;;4330;Parque Manibura;;-3.7946166;-38.4803198;Meio De Quadra;;Não informado;;Não informado;;SAMU;;2405250801;;;;
IFO7200;2024-05-25;20:32:44;Queda;Ferido;Avenida Beira Mar;;2800;Meireles;;-3.7256114;-38.4967202;Meio De Quadra;;Não informado;;Não informado;;SAMU;;2405250927;;;;
YKQ5823;2024-05-26;07:46:43;Queda;Ferido;Avenida Senador Carlos Jereissati;;Não informado;DIAS MACEDO;Estadual;-3.783679467320031;-38.52192175941768;Não informado;Não informado;Não informado;Não informado;Não informado;Não informado;SAMU;YKQ5823;2405260227;;;;
EER1496;2024-05-26;12:07:04;Queda;Ferido;Avenida Beira Mar;;Não informado;Mucuripe;Não informado;-3.72568075798375;-38.49182208468308;Não informado;Não informado;Não informado;Não informado;Não informado;Não informado;SAMU;;2405260375;;;;
SXN2753;2024-05-27;17:24:58;Queda;Ferido;Rua Emiliano De Almeida Braga (Cj Hab Novo Barroso);;1130;Passare;;-3.8197607;-38.523908;Meio De Quadra;;Não informado;;Não informado;;SAMU;;2405270730;;;;
SPQ5350;2024-05-29;07:34:53;Colisão;Ferido;Tenente Lisboa;;2818;Carlito Pamplona;;-3.719031299999999;-38.5605711;Meio De Quadra;;Não informado;;Não informado;;SAMU;;2405290149;;;;
XAP8900;2024-05-29;08:21:46;Colisão;Ferido;Avenida Francisco Sá;;3175;Carlito Pamplona;Não informado;-3.7181328816543027;-38.55526164914089;Não informado;Não informado;Não informado;Não informado;Não informado;Não informado;SAMU;;2405290186;;;;
XDI6606;2024-06-01;20:50:26;Queda;Ferido;Coronel Joao De Oliveira;;555;Messejana;;-3.8222722;-38.4906568;Meio De Quadra;;Não informado;;Não informado;;SAMU;;2406010857;;;;
HJY0193;2024-06-02;07:48:37;Queda;Ferido;RUA 3;;299;Ancuri;Não informado;-3.8697362769935153;-38.51973310008479;Não informado;Não informado;Não informado;Não informado;Não informado;Não informado;SAMU;;2406020187;;;;
NAQ3591;2024-06-02;16:27:18;Queda;Ferido;Godofredo Marciel;;6729;Mondubim;;-3.8266274;-38.5794965;Meio De Quadra;;Não informado;;Não informado;;SAMU;;2406020631;;;;
JKE3824;2024-06-03;07:17:27;Queda;Ferido;Virgilio Nogueira;;1705;Bom Jardim;;-3.7972682;-38.6115162;Meio De Quadra;;Não informado;;Não informado;;SAMU;;2406030133;;;;
MQB6506;2024-06-03;16:10:53;Colisão;Ferido;Coronel De Carvalho;;1423;Barra Do Ceara;;-3.714962;-38.5885165;Meio De Quadra;;Não informado;;Não informado;;SAMU;;2406030608;;;;
RZQ2891;2024-06-03;19:05:34;Queda;Ferido;General Osorio De Paiva;;4364;Siqueira;;-3.7958504;-38.5935713;Meio De Quadra;;Não informado;;Não informado;;SAMU;;2406030781;;;;
SIB6175;2024-06-03;20:12:10;Queda;Ferido;Avenida Alberto Craveiro;;Não informado;Boa Vista;Não informado;-3.800915070881343;-38.51959365922988;Não informado;Não informado;Não informado;Não informado;Não informado;Não informado;SAMU;;2406030857;;;;
RRX6292;2024-06-04;16:40:50;Queda;Ferido;Rua General Onofre;;850;Mondubim;;-3.8090959;-38.567063;Meio De Quadra;;Não informado;;Não informado;;SAMU;;2406040587;;;;
AQX0506;2024-06-04;19:14:29;Queda;Ferido;Guarani;Rua Capitao Theogenes Gondim;Cruzamento;Joao Xxiii;;-3.7768703;-38.5868948;Cruzamento;;Não informado;;Não informado;;SAMU;;2406040722;;;;
EXX2225;2024-06-04;20:18:53;Colisão;Ferido;Rua Coronel De Queiroz;Bernardo Manuel;Cruzamento;Planalto Ayrton Senna;;-3.8359327;-38.562696;Cruzamento;;Não informado;;Não informado;;SAMU;;2406040794;;;;
XUX6869;2024-06-04;22:13:30;Colisão;Ferido;General Osorio De Paiva;;817;Parangaba;;-3.7774883;-38.56951110000001;Meio De Quadra;;Não informado;;Não informado;;SAMU;;2406040914;;;;
DGB4171;2024-06-05;13:06:30;Queda;Ferido;Avenida Costa Mendes;;2158;Rodolfo Teofilo;;-3.7459891;-38.55653059999999;Meio De Quadra;;Não informado;;Não informado;;SAMU;;2406050485;;;;
USI5012;2024-06-05;17:46:29;Colisão;Ferido;Engenheiro Santana Junior;;Não informado;Coco;Não informado;-3.7441454;-38.4880925;Não informado;Não informado;Não informado;Não informado;Não informado;Não informado;SAMU;;2406050733;;;;
QNJ9649;2024-06-05;19:28:45;Colisão;Ferido;Odilon Guimaraes;;3400;Lagoa Redonda;;-3.8165342;-38.4711067;Meio De Quadra;;Não informado;;Não informado;;SAMU;;2406050848;;;;
RBZ6378;2024-06-05;22:19:38;Queda;Ferido;Rua Pedro Viana Freire;;Não informado;Canindezinho;Não informado;-3.822544730515969;-38.60759154936722;Não informado;Não informado;Não informado;Não informado;Não informado;Não informado;SAMU;;2406051024;;;;
AOJ6973;2024-06-06;05:58:28;Atropelamento;Ferido;Oaorio De Paiva;;2982;Bonsucesso;;-3.789197399999999;-38.5871014;Meio De Quadra;;Não informado;;Não informado;;SAMU;;2406060113;;;;
HTF8063;2024-06-06;07:38:54;Queda;Ferido;Alberto Monteiro  - Caça E Pesca;;Não informado;Não informado;;-3.7679972;-38.4375731;Meio De Quadra;;Não informado;;Não informado;;SAMU;;2406060180;;;;