COD_ACIDENTE;DATA;HORA;NATUREZA;SEVERIDADE;LOG1;LOG2;NUMERO_REFERENCIA;BAIRRO;JURISDICAO;LATITUDE;LONGITUDE;TIPOCRUZAMENTO;CONTROLETRAFEGO;LOCAL;ILUMINAÇÃO;TEMPO;SUPERFÍCIE DA PISTA;PRIMEIRA FONTE;AMCBO;SAMU;PECOFE;PRF;PRE;SIM
NMM5644;2024-06-07;05:07:02;Colisão;Ferido;Avenida Perimetral;Avenida I;Cruzamento;Prefeito Jose Walter;;-3.8353486;-38.5537971;Cruzamento;;Não informado;;Não informado;;SAMU;;2406070083;;;;
MAR2749;2024-06-07;07:02:11;Colisão;Ferido;Rua Pereira Valente;AV DES MOREIRA;Não informado;Meireles;Não informado;-3.732261599999999;-38.4970679;Não informado;Não informado;Não informado;Não informado;Não informado;Não informado;SAMU;;2406070121;;;;
OOM1549;2024-06-08;01:46:10;Queda;Ferido;Rua Sargento João Pinheiro;;Não informado;Bom Jardim;Não informado;-3.7849758294937463;-38.62339885053599;Não informado;Não informado;Não informado;Não informado;Não informado;Não informado;SAMU;;2406080047;;;;
AEN9971;2024-06-08;06:39:01;Queda;Ferido;Whashington Soares;;10565;Edson Queiroz;;-3.8421887;-38.4807848;Meio De Quadra;;Não informado;;Não informado;;SAMU;;2406080140;;;;
INY7012;2024-06-08;07:16:21;Atropelamento;Ferido;Washington Soares;;10509;Messejana;;-3.8372728;-38.480774;Meio De Quadra;;Não informado;;Não informado;;SAMU;;2406080153;;;;
HIV2238;2024-06-08;12:21:45;Queda;Ferido;Rua Do Coqueiro;;37;Edson Queiroz;;-3.7704042;-38.47105860000001;Meio De Quadra;;Não informado;;Não informado;;SAMU;;2406080387;;;;
KCT2884;2024-06-08;15:36:21;Queda;Ferido;Rua Tulipa;;781;Parque Iracema;;-3.7171745;-38.5805498;Meio De Quadra;;Não informado;;Não informado;;SAMU;;2406080595;;;;
HXO6416;2024-06-08;20:17:40;Colisão;Ferido;Maximiano Da Fonseca;;1089;Engenheiro Luciano Cavalcante;Não informado;-3.7703842;-38.4895813;Não informado;Não informado;Não informado;Não informado;Não informado;Não informado;SAMU;;2406080835;;;;
IDV1424;2024-06-09;08:04:09;Queda;Ferido;Manuel Dias Branco;;87;Cais Do Porto;;-3.7210144;-38.4766885;Meio De Quadra;;Não informado;;Não informado;;SAMU;;2406090229;;;;
HPY3969;2024-06-09;14:44:58;Queda;Ferido;Avenida C;;205;Aracapé;Municipal;-3.8306792;-38.5880414;Não informado;Não informado;Não informado;Não informado;Não informado;Não informado;SAMU;HPY3969;2406090548;;;;
XEE6723;2024-06-09;18:28:43;Queda;Ferido;Avenida Beira Mar;;Não informado;MUCURIPE;Não informado;-3.725483;-38.49140269999999;Não informado;Não informado;Não informado;Não informado;Não informado;Não informado;SAMU;;2406090741;;;;
KXY7242;2024-06-10;09:22:13;Queda;Ferido;Avenida Jornalista Tomaz Coelho;;Não informado;Messejana;Não informado;-3.8303914359620244;-38.50761482228379;Não informado;Não informado;Não informado;Não informado;Não informado;Não informado;SAMU;;2406100287;;;;
UUG3939;2024-06-10;16:01:00;Atropelamento;Não informado;Rua Egídio De Oliveira;;440;Não informado;Municipal;-3.810594;-38.474918;;Não há Controle;Não informado;;Não informado;;BEST;1603;;;;;
UQG7326;2024-06-11;19:09:12;Queda;Ferido;Rua Placido De Castro;;368;Vila Peri;;-3.7914594;-38.5843384;Meio De Quadra;;Não informado;;Não informado;;SAMU;;2406110717;;;;
QSE3637;2024-06-11;20:43:16;Colisão;Ferido;Conego De Castro;;3842;Parque Sao Jose;;-3.8001854;-38.5875165;Meio De Quadra;;Não informado;;Não informado;;SAMU;;2406110834;;;;
KXQ0857;2024-06-12;07:01:07;Queda;Ferido;Beira  Mar;;Não informado;Não informado;;-3.7202576;-38.5114501;Meio De Quadra;;Não informado;;Não informado;;SAMU;;2406120105;;;;
LGM4660;2024-06-12;16:56:13;Colisão;Ferido;Joao Brigido;Rua Dona Leopoldina;Cruzamento;Joaquim Tavora;;-3.7386523;-38.522189;Cruzamento;;Não informado;;Não informado;;SAMU;;2406120661;;;;
HYP7520;2024-06-12;17:17:21;Queda;Ferido;Timbauba;;89;Pici;;-3.7533259;-38.5700767;Meio De Quadra;;Não informado;;Não informado;;SAMU;;2406120684;;;;
AYA4468;2024-06-13;07:57:57;Colisão;Ferido;Imperador;;1107;Centro;;-3.7309398;-38.5355104;Meio De Quadra;;Não informado;;Não informado;;SAMU;;2406130189;;;;
NUA9954;2024-06-13;13:46:27;Queda;Ferido;Rua Silvinha Teles;& Rua Canguru;Cruzamento;Conjunto Palmeiras;;-3.847199;-38.52809;Cruzamento;;Não informado;;Não informado;;SAMU;;2406130440;;;;
LXZ3274;2024-06-14;14:45:01;Queda;Ferido;Rua P;;200;Parque Dois Irmaos;;-3.8032735;-38.5511251;Meio De Quadra;;Não informado;;Não informado;;SAMU;;2406140552;;;;
BSF4021;2024-06-14;15:13:56;Queda;Ferido;Rua Paraiba;;793;Democrito Rocha;;-3.760134;-38.566686;Meio De Quadra;;Não informado;;Não informado;;SAMU;;2406140585;;;;
ODV3369;2024-06-14;18:07:48;Atropelamento;Ferido;Rua Antonio Arruda;;897;Vila Velha;;-3.7155363;-38.5926502;Meio De Quadra;;Não informado;;Não informado;;SAMU;;2406140862;;;;
GNO4235;2024-06-14;18:16:54;Colisão;Ferido;BR 116 KM ?;;Não informado;Paupina;;-3.868826;-38.497687;Meio De Quadra;;Não informado;;Não informado;;SAMU;;2406140872;;;;
LVT0341;2024-06-15;01:17:36;Queda;Ferido;Rua Doutor Joaquim Frota;;929;Sapiranga;;-3.8011692;-38.4703379;Meio De Quadra;;Não informado;;Não informado;;SAMU;;2406150048;;;;
AGZ5709;2024-06-15;17:55:45;Queda;Ferido;RUA C;RUA 4 DE OUTUBRO;4;Mondubim;Não informado;-3.833233574148974;-38.59209374145677;Não informado;Não informado;Não informado;Não informado;Não informado;Não informado;SAMU;;2406150728;;;;
HBR0696;2024-06-15;20:07:55;Queda;Ferido;Beira Mar;Barão De Studart;Cruzamento;Meireles;;-3.7239411;-38.5031173;Cruzamento;;Não informado;;Não informado;;SAMU;;2406150872;;;;
DIB6623;2024-06-15;22:34:38;Colisão;Ferido;Avenida Castelo de Castro;;Não informado;Jangurussu;Não informado;-3.843456629592661;-38.52153555158015;Não informado;Não informado;Não informado;Não informado;Não informado;Não informado;SAMU;;2406151025;;;;
WVI1663;2024-06-16;08:20:00;Colisão Transversal;Ferido;Rua Eduardo Perdigão;Rua Germano Franck;;Não informado;Municipal;-3.7777408111726114;-38.562585592768755;;Semáforo;Não informado;;Não informado;;BEST;1624;;;;;
ZTA6877;2024-06-16;08:21:21;Colisão;Ferido;Rua Germano Franck;RUA EDUARDO PERDIGAO;753;Parangaba;Municipal;-3.777705805370162;-38.56263235834093;Não informado;Não informado;Não informado;Não informado;Não informado;Não informado;SAMU;ZTA6877;2406160232;577323;;;
NXN5410;2024-06-16;09:25:56;Atropelamento;Ferido;Carlos Vasconcelos;;2055;Aldeota;;-3.739931;-38.5130582;Meio De Quadra;;Não informado;;Não informado;;SAMU;;2406160277;;;;
YFK6513;2024-06-16;16:57:47;Queda;Ferido;Domingos Olimpio;;1112;Jose Bonifacio;;-3.7357106;-38.5336472;Meio De Quadra;;Não informado;;Não informado;;SAMU;;2406160616;;;;
TVO7551;2024-06-16;20:24:26;Colisão;Ferido;Sousa Carvalho;Rua Das Acacias;Cruzamento;Bonsucesso;;-3.782983499999999;-38.5908309;Cruzamento;;Não informado;;Não informado;;SAMU;;2406160788;;;;
MBB2312;2024-06-17;11:00:50;Queda;Ferido;Avenida Alberto Craveiro;;2553;Boa Vista;;-3.801524;-38.5200711;Meio De Quadra;;Não informado;;Não informado;;SAMU;;2406170306;;;;
PLZ0205;2024-06-18;08:08:43;Colisão;Ferido;Avenida Filomeno Gomes;;100;Jacarecanga;;-3.7236892;-38.54145980000001;Meio De Quadra;;Não informado;;Não informado;;SAMU;;2406180161;;;;
HUM8410;2024-06-19;13:46:47;Colisão;Ferido;Rua Silva Paulet;;233;Meireles;Não informado;-3.7265543134288905;-38.50286038115998;Não informado;Não informado;Não informado;Não informado;Não informado;Não informado;SAMU;;2406190546;;;;
AZR3037;2024-06-19;16:39:36;Colisão;Ferido;Rua Padre Pedro de Alencar;;Não informado;Messejana;Não informado;-3.835299604642327;-38.494214572196505;Não informado;Não informado;Não informado;Não informado;Não informado;Não informado;SAMU;;2406190712;;;;
EHY0604;2024-06-19;16:56:54;Queda;Ferido;Edilson Barros De Oliveira;;130;GUAJERU;Municipal;-3.8361188;-38.4773116;Não informado;Não informado;Não informado;Não informado;Não informado;Não informado;SAMU;EHY0604;2406190721;;;;
HHI1203;2024-06-19;18:47:44;Queda;Ferido;Conego De Castroa;;8820;Canindezinho;;-3.8219075;-38.6043032;Meio De Quadra;;Não informado;;Não informado;;SAMU;;2406190852;;;;
PDW1845;2024-06-19;19:05:47;Queda;Ferido;Rua Tres De Maio;;956;Bela Vista;;-3.7506564;-38.56302549999999;Meio De Quadra;;Não informado;;Não informado;;SAMU;;2406190878;;;;
NNP1448;2024-06-21;07:05:00;Queda;Ferido;Avenida Almirante Henrique Sabóia;Rua Doutor José Augusto Ribeiro;;Não informado;Municipal;-3.7266720199847283;-38.48054523024089;;Não há Controle;Não informado;;Não informado;;BEST;1640;;;;;
YHM2227;2024-06-21;07:35:37;Queda;Ferido;Avenida Almirante Henrique Sabóia;;Não informado;Mucuripe;Não informado;-3.7251775682413575;-38.48058353906715;Não informado;Não informado;Não informado;Não informado;Não informado;Não informado;SAMU;;2406210149;;;;
OPM8675;2024-06-21;08:08:53;Queda;Ferido;Avenida Almirante Henrique Saboia ;RUA JOSE AUGUSTO;Não informado;Mucuripe;Não informado;-3.7265648;-38.4805149;Não informado;Não informado;Não informado;Não informado;Não informado;Não informado;SAMU;;2406210203;;;;
PBV0237;2024-06-21;10:43:02;Queda;Ferido;Major Assis;;1276;Floresta;;-3.7231275;-38.5906737;Meio De Quadra;;Não informado;;Não informado;;SAMU;;2406210378;;;;
DEQ9909;2024-06-21;16:58:00;Colisão Transversal;Ferido;Avenida Heráclito Graça;RUA DNA LEOPOLDINA;;ALDEOTA;Municipal;-3.7347542;-38.5207779;T;Semáforo;Comercial;Luz do Dia;Bom;Seca;AMCBO;975946;2406210743;;;;
SGY7148;2024-06-21;21:19:40;Queda;Ferido;Taquari;;491;Granja Portugal;;-3.780827899999999;-38.5856051;Meio De Quadra;;Não informado;;Não informado;;SAMU;;2406211083;;;;
YQC5909;2024-06-22;00:14:59;Queda;Ferido;Beira Mar - No Aterrinho;;Não informado;Praia De Iracema;;-3.7204102;-38.5114924;Meio De Quadra;;Não informado;;Não informado;;SAMU;;2406220007;;;;
CDE1057;2024-06-22;07:54:15;Queda;Ferido;Avenida Beira Mar;;Não informado;Meireles;Não informado;-3.7245780226407486;-38.50016369091406;Não informado;Não informado;Não informado;Não informado;Não informado;Não informado;SAMU;;2406220193;;;;
FVU7284;2024-06-23;14:47:18;Queda;Ferido;Rua Franco Rocha;;Não informado;Pici;Não informado;-3.754667212003818;-38.58060314912298;Não informado;Não informado;Não informado;Não informado;Não informado;Não informado;SAMU;;2406230579;;;;
RQU3248;2024-06-24;11:10:10;Queda;Ferido;Rua Capitao Vasconcelos;;642;Aerolandia;;-3.7676711;-38.5166767;Meio De Quadra;;Não informado;;Não informado;;SAMU;;2406240302;;;;
LDQ0559;2024-06-24;16:40:04;Queda;Ferido;24 De Maio;;580;Centro;;-3.7274692;-38.5322008;Meio De Quadra;;Não informado;;Não informado;;SAMU;;2406240596;;;;
ICX2453;2024-06-24;17:48:17;Queda;Ferido;BR 116 KM 4;;Não informado;Cajazeiras;;-3.78767567935239;-38.5110122579928;Meio De Quadra;;Não informado;;Não informado;;SAMU;;2406240660;;;;
KCV9274;2024-06-24;18:20:41;Queda;Ferido;Rua Juraci Magalhaes;;61;Planalto Ayrton Senna;;-3.8382092;-38.5681398;Meio De Quadra;;Não informado;;Não informado;;SAMU;;2406240695;;;;
YMH5535;2024-06-24;20:16:47;Colisão;Ferido;Bragança;;951;Granja Portugal;;-3.7935641;-38.6018601;Meio De Quadra;;Não informado;;Não informado;;SAMU;;2406240811;;;;
ISL9809;2024-06-25;12:50:21;Colisão;Ferido;Rua Professor Miramar da Ponte;;Não informado;Pici;Não informado;-3.754174744715186;-38.58173504672257;Não informado;Não informado;Não informado;Não informado;Não informado;Não informado;SAMU;;2406250343;;;;
KYH7210;2024-06-26;12:01:57;Queda;Ferido;Avenida Pasteur;;Não informado;Carlito Pamplona;Não informado;-3.715065534716011;-38.56013790161129;Não informado;Não informado;Não informado;Não informado;Não informado;Não informado;SAMU;;2406260365;;;;
AQX8830;2024-06-26;12:35:44;Queda;Ferido;Barao De Sudart;;1020;Aldeota;;-3.7329192;-38.506084;Meio De Quadra;;Não informado;;Não informado;;SAMU;;2406260391;;;;
PAI0749;2024-06-26;17:14:46;Queda;Ferido;Avenida Ministro Albuquerque Lima;;334;Conjunto Ceara;;-3.7681927;-38.6083799;Meio De Quadra;;Não informado;;Não informado;;SAMU;;2406260661;;;;
NVS2354;2024-06-28;12:10:00;Colisão;Ferido;Rua Professor Manoel Lourenço;;Não informado;Joquei Clube;Não informado;-3.7638465;-38.5731715;Não informado;Não informado;Não informado;Não informado;Não informado;Não informado;SAMU;;2406280385;;;;
VXD8139;2024-06-29;05:11:27;Queda;Ferido;Presidente Castelo Branco;;Não informado;Pirambu;Não informado;-3.7123711;-38.5533245;Não informado;Não informado;Não informado;Não informado;Não informado;Não informado;SAMU;;2406290130;;;;
ERJ0040;2024-06-29;20:30:04;Queda;Ferido;Osorio De Paiva;;5281;Siqueira;;-3.8037753;-38.6010117;Meio De Quadra;;Não informado;;Não informado;;SAMU;;2406290891;;;;
VCE4381;2024-06-30;11:26:44;Queda;Ferido;Avenida Beira Mar;;Não informado;Meireles;Não informado;-3.724777090561237;-38.50043541931061;Não informado;Não informado;Não informado;Não informado;Não informado;Não informado;SAMU;;2406300366;;;;
UXW4310;2024-07-01;08:44:02;Queda;Ferido;Beira Mar;;1770;Meireles;;-3.723385299999999;-38.5043022;Meio De Quadra;;Não informado;;Não informado;;SAMU;;2407010217;;;;
TSN2168;2024-07-01;11:12:20;Atropelamento;Ferido;BR 116 KM 13;;Não informado;Parque Santa Maria;;-3.86088541669457;-38.497154260156;Meio De Quadra;;Não informado;;Não informado;;SAMU;;2407010385;;;;
TWP7383;2024-07-01;13:29:00;Colisão;Ferido;Rua Tenente Moacir Matos;;390;Montese;;-3.7654277;-38.55525790000001;Meio De Quadra;;Não informado;;Não informado;;SAMU;;2407010523;;;;
EYD1095;2024-07-01;16:50:15;Queda;Ferido;Osorio De Paiva;;6126;Canindezinho;;-3.809944299999999;-38.6072329;Meio De Quadra;;Não informado;;Não informado;;SAMU;;2407010740;;;;
DTX6906;2024-07-01;17:08:39;Queda;Ferido;Avenida Presidente Castelo Branco;;Não informado;Cristo Redentor;Não informado;-3.709038876226096;-38.5663322611441;Não informado;Não informado;Não informado;Não informado;Não informado;Não informado;SAMU;;2407010761;;;;
NPF2403;2024-07-01;17:16:06;Queda;Ferido;Rua Professor Murilo Silveira;;50;Vicente Pinzon;;-3.7232124;-38.4625553;Meio De Quadra;;Não informado;;Não informado;;SAMU;;2407010769;;;;
RAJ9597;2024-07-02;05:43:10;Colisão;Ferido;Rua Maria Julia -;;956;Granja Portugal;;-3.801643;-38.60305839999999;Meio De Quadra;;Não informado;;Não informado;;SAMU;;2407020075;;;;
BMA7251;2024-07-02;15:30:00;Colisão;Fatal;Rua Catolé;;;CONJUNTO PALMEIRAS;Municipal;-3.854937349421737;-38.52258160866125;Não informado;Não informado;Não informado;Luz do Dia;Não informado;Não informado;PEFOCE;OYK7537;;293660;;;36862099-9
WBC0501;2024-07-02;19:02:46;Queda;Ferido;Santos Dumont;Avenida Desembargador Moreira;Cruzamento;Aldeota;;-3.7362454;-38.4983374;Cruzamento;;Não informado;;Não informado;;SAMU;;2407020757;;;;
LBM4561;2024-07-03;19:03:15;Colisão;Ferido;Porto Alegre;;997;Henrique Jorge;;-3.7619453;-38.58741699999999;Meio De Quadra;;Não informado;;Não informado;;SAMU;;2407030846;;;;
AAE2677;2024-07-04;20:11:59;Queda;Ferido;Beira Mar;Barão De Studart;Cruzamento;Meireles;;-3.7239411;-38.5031173;Cruzamento;;Não informado;;Não informado;;SAMU;;2407040733;;;;
HQM4793;2024-07-04;20:27:26;Queda;Ferido;São Lazaro;Lagoa Do Mondubim;Cruzamento;Mondubim;;-3.8019587;-38.5798984;Cruzamento;;Não informado;;Não informado;;SAMU;;2407040750;;;;
PEN7946;2024-07-05;07:56:59;Queda;Ferido;Rua Valdetario Mota;;999;Papicu;;-3.7387787;-38.4818317;Meio De Quadra;;Não informado;;Não informado;;SAMU;;2407050188;;;;
OZI0598;2024-07-05;16:35:00;Colisão;Fatal;Avenida Washington Soares;;8901;MESSEJANA;Não informado;-3.82906938353188;-38.48223582875799;Não informado;Não informado;Não informado;Não informado;Não informado;Não informado;PEFOCE;OZI0598;2407050668;293822;;;36862111-1
FUV4484;2024-07-05;18:33:57;Atropelamento;Ferido;Avenida Desembargador Gonzaga;;380;Cidade Dos Funcionarios;;-3.7902996;-38.50312419999999;Meio De Quadra;;Não informado;;Não informado;;SAMU;;2407050791;;;;
MUN6201;2024-07-05;21:03:14;Colisão;Ferido;Avenida Jornalista Tomaz Coelho;;Não informado;Messejana;Não informado;-3.8320935085528287;-38.5014833518241;Não informado;Não informado;Não informado;Não informado;Não informado;Não informado;SAMU;;2407050983;;;;
INJ6557;2024-07-05;22:05:28;Queda;Ferido;Avenida Castelo de Castro;;Não informado;Jangurussu;Não informado;-3.843574381350491;-38.52165893202195;Não informado;Não informado;Não informado;Não informado;Não informado;Não informado;SAMU;;2407051033;;;;
KZD5653;2024-07-06;15:52:48;Queda;Ferido;Darcy Vargas;;149;Parque Sao Jose;;-3.7974809;-38.5868598;Meio De Quadra;;Não informado;;Não informado;;SAMU;;2407060626;;;;
TKW6355;2024-07-06;16:19:05;Colisão;Ferido;Sargento Hermini Esquina;Olavo Bilac;Cruzamento;Presidente Kennedy;;-3.7283072;-38.5709958;Cruzamento;;Não informado;;Não informado;;SAMU;;2407060655;;;;
OMC6353;2024-07-06;21:47:01;Queda;Ferido;Avenida Leste Oeste;;Não informado;Cristo Redentor;Não informado;-3.709541071456265;-38.56459573041367;Não informado;Não informado;Não informado;Não informado;Não informado;Não informado;SAMU;;2407060990;;;;
STQ3973;2024-07-07;18:33:22;Colisão;Ferido;Avenida Presidente Costa E Silva;;993;Mondubim;;-3.8131792;-38.5704444;Meio De Quadra;;Não informado;;Não informado;;SAMU;;2407070847;;;;
RKU2806;2024-07-07;22:10:00;Colisão;Ferido;Manoel Mavignier;;6319;Sabiaguaba;Municipal;-3.8105046;-38.4224172;Não informado;Não informado;Não informado;Não informado;Não informado;Não informado;SAMU;RKU2806;2407071147;585299;;;
UVC3511;2024-07-08;12:23:18;Queda;Ferido;Avenida Beira Mar;;Não informado;Mucuripe;Não informado;-3.7232718683111528;-38.484853660154165;Não informado;Não informado;Não informado;Não informado;Não informado;Não informado;SAMU;;2407080453;;;;
CUB6166;2024-07-08;15:42:19;Queda;Ferido;Avenida Lineu Machado;;1517;Joquei Clube;;-3.772907599999999;-38.58046239999999;Meio De Quadra;;Não informado;;Não informado;;SAMU;;2407080645;;;;
WQD2713;2024-07-08;15:55:38;Queda;Ferido;Rua Antonio Botelho;;208;Serrinha;;-3.7800414;-38.54853019999999;Meio De Quadra;;Não informado;;Não informado;;SAMU;;2407080659;;;;
SOF9931;2024-07-08;18:45:52;Queda;Ferido;Rua Padre Mororo -;;421;Moura Brasil;;-3.720448;-38.5359344;Meio De Quadra;;Não informado;;Não informado;;SAMU;;2407080822;;;;
JHP7774;2024-07-08;20:08:00;Queda;Ferido;Tristao Gonçalves;;759;Centro;;-3.7285271;-38.5336706;Meio De Quadra;;Não informado;;Não informado;;SAMU;;2407080910;;;;
CXB1843;2024-07-08;20:57:39;Queda;Ferido;Raimundo Matias;;300;Pedras;;-3.8807475;-38.5124891;Meio De Quadra;;Não informado;;Não informado;;SAMU;;2407080955;;;;
FFU8601;2024-07-09;13:16:46;Queda;Ferido;Maria Gomes De Sa;;2021;Mondubim;;-3.8217767;-38.5853706;Meio De Quadra;;Não informado;;Não informado;;SAMU;;2407090474;;;;
HWJ8729;2024-07-09;15:07:38;Colisão;Ferido;Avenida C;;440;Prefeito Jose Walter;;-3.8286477;-38.55572129999999;Meio De Quadra;;Não informado;;Não informado;;SAMU;;2407090577;;;;
HKC7112;2024-07-09;17:24:07;Queda;Ferido;Pernanbuco;Planalto Do Pici;Cruzamento;Não informado;;-3.7541511;-38.575555;Cruzamento;;Não informado;;Não informado;;SAMU;;2407090673;;;;
XLD5093;2024-07-09;18:44:47;Colisão;Ferido;Avenida Leste Oeste;;Não informado;Cristo Redentor;Não informado;-3.7095634878922668;-38.564476043018495;Não informado;Não informado;Não informado;Não informado;Não informado;Não informado;SAMU;;2407090752;;;;
MFR6301;2024-07-10;05:17:49;Queda;Ferido;Verde 44;Catolé;Cruzamento;Conjunto Palmeiras;;-3.8497726;-38.5210821;Cruzamento;;Não informado;;Não informado;;SAMU;;2407100059;;;;
MCG6288;2024-07-10;15:00:00;Colisão Transversal;Não informado;Avenida Presidente Costa e Silva;;2100;JANGURUSSU;Municipal;-3.818883623727856;-38.56319025242072;Meio de quadra;Pare;Residencial;Não informado;Bom;Seca;AMCBO;975610;;;;;
WUU6241;2024-07-11;18:06:05;Queda;Ferido;Rua Chico França;;870;Messejana;;-3.8347934;-38.4984063;Meio De Quadra;;Não informado;;Não informado;;SAMU;;2407110695;;;;
NNE9015;2024-07-12;18:27:01;Colisão;Ferido;Avenida Silas Munguba;;1199 A;Itaperi;;-3.7823883;-38.55531089999999;Meio De Quadra;;Não informado;;Não informado;;SAMU;;2407120789;;;;
GUZ1487;2024-07-12;20:00:41;Queda;Ferido;Avenida Jose Saboia;;500;Cais Do Porto;;-3.7160224;-38.4691248;Meio De Quadra;;Não informado;;Não informado;;SAMU;;2407120930;;;;
HHI2403;2024-07-13;07:35:00;Colisão;Ferido;Washington Soares Esq.;Oliveira Paiva;Cruzamento;CIDADE DOS FUNCIONRAIOS;Estadual;-3.7762191;-38.481665;Não informado;Não informado;Não informado;Não informado;Não informado;Não informado;SAMU;HHI2403;2407130239;587015;;;
SEL0607;2024-07-13;19:45:45;Colisão;Ferido;Manuel Moura;;433;Barra Do Ceara;;-3.7148951;-38.5850047;Meio De Quadra;;Não informado;;Não informado;;SAMU;;2407130845;;;;
PEG3398;2024-07-14;21:20:45;Queda;Ferido;Ismael Pordeus;;651;Vicente Pinzon;;-3.722540299999999;-38.4683885;Meio De Quadra;;Não informado;;Não informado;;SAMU;;2407140985;;;;
LBL6846;2024-07-16;12:57:30;Colisão;Ferido;Alberto Nepomuceno;Rua Costa E Silva;Cruzamento;Centro;;-3.722481;-38.5239331;Cruzamento;;Não informado;;Não informado;;SAMU;;2407160387;;;;