COD_ACIDENTE;DATA;HORA;NATUREZA;SEVERIDADE;LOG1;LOG2;NUMERO_REFERENCIA;BAIRRO;JURISDICAO;LATITUDE;LONGITUDE;TIPOCRUZAMENTO;CONTROLETRAFEGO;LOCAL;ILUMINAÇÃO;TEMPO;SUPERFÍCIE DA PISTA;PRIMEIRA FONTE;AMCBO;SAMU;PECOFE;PRF;PRE;SIM
PAQ0251;2024-07-16;17:23:19;Atropelamento;Ferido;Avenida Presidente Costa e Silva;;Não informado;Prefeito Jose Walter;Não informado;-3.8238453831128023;-38.549151693121296;Não informado;Não informado;Não informado;Não informado;Não informado;Não informado;SAMU;;2407160625;;;;
ZGE9852;2024-07-16;20:35:32;Queda;Ferido;Avenida Presidente Costa e Silva;;Não informado;Prefeito Jose Walter;Não informado;-3.8240497807566056;-38.5479002282307;Não informado;Não informado;Não informado;Não informado;Não informado;Não informado;SAMU;;2407160802;;;;
JBZ4219;2024-07-17;17:42:14;Queda;Ferido;Joao Brigido;;1015;Joaquim Tavora;;-3.7411147;-38.5141644;Meio De Quadra;;Não informado;;Não informado;;SAMU;;2407170675;;;;
EVE9789;2024-07-18;18:29:32;Queda;Ferido;Rua Soares Bulcão;;340;MONTE CASTELO;Municipal;-3.7317778959186043;-38.55392989755721;Não informado;Não informado;Não informado;Não informado;Não informado;Não informado;SAMU;EVE9789;2407180688;;;;
CAP2193;2024-07-18;19:49:27;Colisão;Ferido;Avenida G;;51;Conjunto Ceara;Não informado;-3.7729482;-38.6116526;Não informado;Não informado;Não informado;Não informado;Não informado;Não informado;SAMU;;2407180736;;;;
YJE7943;2024-07-19;01:21:44;Queda;Ferido;Jaguaretama;;123;Aldeota;;-3.73696;-38.5156256;Meio De Quadra;;Não informado;;Não informado;;SAMU;;2407190039;;;;
SLR8692;2024-07-20;10:36:23;Queda;Ferido;Ataulfo Alves;;724;Jardim Das Oliveiras;;-3.7866626;-38.4981653;Meio De Quadra;;Não informado;;Não informado;;SAMU;;2407200277;;;;
OOQ1298;2024-07-20;14:56:31;Colisão;Ferido;Vicente Paraibano;;707;Serrinha;;-3.7929587;-38.5392722;Meio De Quadra;;Não informado;;Não informado;;SAMU;;2407200468;;;;
TVA1809;2024-07-20;21:18:53;Queda;Ferido;Rua José Dantas Pereira;;Não informado;Canindezinho;Não informado;-3.822475148222684;-38.60776320534887;Não informado;Não informado;Não informado;Não informado;Não informado;Não informado;SAMU;;2407200847;;;;
ZSF2191;2024-07-20;21:19:48;Queda;Ferido;Quatro [ Jardim Castelao ];;80;Passare;;-3.8264768;-38.5293671;Meio De Quadra;;Não informado;;Não informado;;SAMU;;2407200848;;;;
GJC7077;2024-07-21;07:56:53;Queda;Ferido;Zuca Accioly;;430;Cidade 2000;;-3.7488092;-38.4662716;Meio De Quadra;;Não informado;;Não informado;;SAMU;;2407210219;;;;
YPW6304;2024-07-21;12:13:07;Queda;Ferido;Barao De Studart 1864;Barbara De Alencar;Cruzamento;Aldeota;;-3.7397169;-38.5084435;Cruzamento;;Não informado;;Não informado;;SAMU;;2407210437;;;;
FEU4924;2024-07-21;17:39:28;Queda;Ferido;Washignton Soares Esq;Rua Albert Sabin;Cruzamento;Edson Queiroz;;-3.7581902;-38.4902196;Cruzamento;;Não informado;;Não informado;;SAMU;;2407210761;;;;
RHV5988;2024-07-22;12:19:01;Queda;Ferido;Vitoria  ( Mesma Av. Perimetral );;739;Henrique Jorge;;-3.7913572;-38.587578;Meio De Quadra;;Não informado;;Não informado;;SAMU;;2407220443;;;;
NES2721;2024-07-22;18:43:53;Atropelamento;Ferido;Alberto Magno;Alvaro Fernandes;Cruzamento;Montese;;-3.7642469;-38.549427;Cruzamento;;Não informado;;Não informado;;SAMU;;2407220811;;;;
FEP9843;2024-07-23;00:05:43;Queda;Ferido;Rua F;;43;Parangaba;Não informado;-3.776271263937116;-38.556066336476086;Não informado;Não informado;Não informado;Não informado;Não informado;Não informado;SAMU;;2407230006;;;;
MZD3669;2024-07-23;11:01:52;Colisão;Ferido;Rua Joao Ribeiro;;141;Alvaro Weyne;;-3.7182736;-38.5674008;Meio De Quadra;;Não informado;;Não informado;;SAMU;;2407230348;;;;
TWW4718;2024-07-24;09:00:07;Atropelamento;Ferido;Avenida Beira Mar;;Não informado;Meireles;Não informado;-3.7257771134335065;-38.496633921209266;Não informado;Não informado;Não informado;Não informado;Não informado;Não informado;SAMU;;2407240195;;;;
DSI8399;2024-07-24;10:26:16;Colisão;Ferido;Coronel Joao De Oliveira;;870;Messejana;;-3.8229702;-38.4870147;Meio De Quadra;;Não informado;;Não informado;;SAMU;;2407240252;;;;
JXJ2753;2024-07-24;13:08:34;Queda;Ferido;Rua Desembargador Praxedes;;1510;Parreao;;-3.7635819;-38.5411847;Meio De Quadra;;Não informado;;Não informado;;SAMU;;2407240401;;;;
HKK1927;2024-07-24;17:25:29;Queda;Ferido;Osorio De Paiva;;4144;Siqueira;;-3.7950768;-38.5928043;Meio De Quadra;;Não informado;;Não informado;;SAMU;;2407240595;;;;
ABZ7679;2024-07-24;18:10:04;Queda;Ferido;Coronel Fabriciano - Esquina - Aires Da Cunha;;1548;Granja Portugal;;0.0;0.0;Meio De Quadra;;Não informado;;Não informado;;SAMU;;2407240644;;;;
LYJ2860;2024-07-24;20:01:43;Queda;Ferido;Independencia;Emilio Gonçalves;Cruzamento;Quintino Cunha;;-3.725453;-38.5960561;Cruzamento;;Não informado;;Não informado;;SAMU;;2407240755;;;;
ZAD8083;2024-07-24;22:35:28;Queda;Ferido;Jose Cavalcante Sobrinho - Cond Forte Iracema;;120;Coacu;;-3.8364926;-38.486687;Meio De Quadra;;Não informado;;Não informado;;SAMU;;2407240936;;;;
QOK3189;2024-07-24;22:44:20;Queda;Ferido;Professor Manoel Lourenço;;27;Joquei Clube;;-3.7621315;-38.5722888;Meio De Quadra;;Não informado;;Não informado;;SAMU;;2407240945;;;;
UHJ5641;2024-07-25;01:22:07;Queda;Ferido;Dos Praçinhas;;937;Benfica;;-3.7377112;-38.5428875;Meio De Quadra;;Não informado;;Não informado;;SAMU;;2407250017;;;;
SSO0087;2024-07-25;07:48:49;Colisão;Ferido;Rua Padre Anchieta;;342;Monte Castelo;;-3.7230694;-38.550561;Meio De Quadra;;Não informado;;Não informado;;SAMU;;2407250144;;;;
UNZ5294;2024-07-25;08:25:54;Queda;Ferido;Julio Silva;;440;Antonio Diogo;;-3.7451497;-38.4541973;Meio De Quadra;;Não informado;;Não informado;;SAMU;;2407250183;;;;
UGQ8339;2024-07-25;09:42:01;Queda;Ferido;Coronel Matos Dourado;;879;Pici;;-3.7466711;-38.5847768;Meio De Quadra;;Não informado;;Não informado;;SAMU;;2407250261;;;;
ZVT6795;2024-07-26;06:15:26;Queda;Ferido;Avenida Beira Mar;;Não informado;Mucuripe;Não informado;-3.723256812729972;-38.484664270980545;Não informado;Não informado;Não informado;Não informado;Não informado;Não informado;SAMU;;2407260120;;;;
QXH0248;2024-07-26;06:23:42;Colisão;Ferido;Rua Professor Heribaldo Costa -;;2050;Joao Xxiii;;-3.7695326;-38.5888588;Meio De Quadra;;Não informado;;Não informado;;SAMU;;2407260123;;;;
ZCJ2704;2024-07-26;15:24:37;Colisão;Ferido;Rua Alberto Magno -;;264;Montese;;-3.7585332;-38.5444638;Meio De Quadra;;Não informado;;Não informado;;SAMU;;2407260593;;;;
JOP1780;2024-07-26;17:09:15;Queda;Ferido;Avenida Maestro Lisboa;;2943;Lagoa Redonda;;-3.805920999999999;-38.4528201;Meio De Quadra;;Não informado;;Não informado;;SAMU;;2407260681;;;;
IPB1445;2024-07-27;08:21:41;Queda;Ferido;Benjamin Brasil;;573;Maraponga;;-3.804144599999999;-38.569035;Meio De Quadra;;Não informado;;Não informado;;SAMU;;2407270199;;;;
GMG1553;2024-07-27;11:29:16;Colisão;Ferido;Rua Vila Lobos;;802;ITAOCA;Não informado;-3.7720158005935103;-38.55924741478653;Não informado;Não informado;Não informado;Não informado;Não informado;Não informado;SAMU;;2407270359;;;;
LSU2970;2024-07-27;12:44:08;Queda;Ferido;Maestro Lisboa;;1500;Lagoa Redonda;;-3.807911099999999;-38.4672156;Meio De Quadra;;Não informado;;Não informado;;SAMU;;2407270442;;;;
PUR6233;2024-07-27;18:58:56;Queda;Ferido;Beira Mar;Rui Barbosa;Cruzamento;Praia De Iracema;;-3.723035;-38.5051783;Cruzamento;;Não informado;;Não informado;;SAMU;;2407270835;;;;
TOA4802;2024-07-27;19:04:03;Queda;Ferido;Rua Menor Jerônimo;;Não informado;Passare;Não informado;-3.814382153775026;-38.53456572344366;Não informado;Não informado;Não informado;Não informado;Não informado;Não informado;SAMU;;2407270843;;;;
ZXF7874;2024-07-27;20:45:00;Queda;Ferido;Avenida Presidente Costa e Silva;;Não informado;Prefeito Jose Walter;Não informado;-3.8246346;-38.5439482;Não informado;Não informado;Não informado;Não informado;Não informado;Não informado;SAMU;;2407270947;;;;
JKJ0210;2024-07-28;20:36:45;Queda;Ferido;BR 116 KM 10;;?;Messejana;;-3.8362910877133;-38.5026072236543;Meio De Quadra;;Não informado;;Não informado;;SAMU;;2407280858;;;;
IJG2468;2024-07-29;07:00:00;Colisão Transversal;Ferido;Av. Bernardo Manuel;;7525;Não informado;Municipal;-3.783971;-38.546645;;Não informado;Não informado;;Não informado;;BEST;1818;;;;;
BOA9920;2024-07-29;19:37:52;Colisão;Ferido;Pernambuco;;3129;Pici;;-3.748776;-38.5805939;Meio De Quadra;;Não informado;;Não informado;;SAMU;;2407290628;;;;
YYP5575;2024-07-30;07:15:27;Queda;Ferido;Lagoa Da Sapiranga;;21;Sapiranga;;-3.7910347;-38.460979;Meio De Quadra;;Não informado;;Não informado;;SAMU;;2407300118;;;;
KWE4170;2024-07-30;07:22:30;Queda;Ferido;Jose Bastos;;5854;Democrito Rocha;;-3.7653834;-38.5604325;Meio De Quadra;;Não informado;;Não informado;;SAMU;;2407300128;;;;
NQG8674;2024-07-30;16:45:37;Queda;Ferido;Rua Jose Dantas Pereira;;447;Canindezinho;;-3.8218434;-38.6091151;Meio De Quadra;;Não informado;;Não informado;;SAMU;;2407300658;;;;
HZB5700;2024-07-31;06:52:18;Colisão;Ferido;Avenida Aguanambi;;Não informado;Fatima;Não informado;-3.7512359939266267;-38.52362230808255;Não informado;Não informado;Não informado;Não informado;Não informado;Não informado;SAMU;;2407310152;;;;
WDI7543;2024-07-31;18:19:54;Queda;Ferido;Maronildo De Queiroz;;252;Jangurussu;;-3.8288645;-38.5182651;Meio De Quadra;;Não informado;;Não informado;;SAMU;;2407310730;;;;
GGF1609;2024-08-01;06:29:32;Colisão;Ferido;CE 010 (Px A Estrada Do Fio;;Não informado;Sabiaguaba;;-3.798772;-38.431878;Meio De Quadra;;Não informado;;Não informado;;SAMU;;2408010117;;;;
QVW7408;2024-08-01;07:59:53;Colisão;Ferido;Washington Soares;Nenen Arruda;Cruzamento;Messejana;;-3.8164332;-38.4826815;Cruzamento;;Não informado;;Não informado;;SAMU;;2408010187;;;;
IBW0271;2024-08-01;18:38:45;Queda;Ferido;Das Cerejeiras;;1836;Parque Presidente Vargas;;-3.8268073;-38.6019952;Meio De Quadra;;Não informado;;Não informado;;SAMU;;2408010636;;;;
IJY0973;2024-08-01;21:20:34;Queda;Ferido;Pedro Sampaio;;359;Quintino Cunha;;-3.7249507;-38.5923788;Meio De Quadra;;Não informado;;Não informado;;SAMU;;2408010794;;;;
ORX2186;2024-08-02;07:37:42;Colisão;Ferido;Mario Mamede;;1300;Fatima;;-3.749266499999999;-38.5314673;Meio De Quadra;;Não informado;;Não informado;;SAMU;;2408020130;;;;
NTZ1916;2024-08-02;23:43:37;Colisão;Ferido;Manoel Mavignier;;7520;Sabiaguaba;;-3.8106404;-38.4118799;Meio De Quadra;;Não informado;;Não informado;;SAMU;;2408021017;;;;
HVV5120;2024-08-03;00:37:08;Colisão;Ferido;Minas Gerais;;238;Bela Vista;;-3.7526341;-38.5626739;Meio De Quadra;;Não informado;;Não informado;;SAMU;;2408030020;;;;
HUW4255;2024-08-03;18:07:42;Queda;Ferido;Beira Mar;;Não informado;MEIRELES;Não informado;-3.725741;-38.4966461;Não informado;Não informado;Não informado;Não informado;Não informado;Não informado;SAMU;;2408030825;;;;
QRS8152;2024-08-04;13:54:42;Queda;Ferido;CE 010;;Não informado;Sabiaguaba;;-3.798772;-38.431878;Meio De Quadra;;Não informado;;Não informado;;SAMU;;2408040449;;;;
VZT0078;2024-08-04;15:29:17;Queda;Ferido;Rua Valdeci Leite;;35;Edson Queiroz;;-3.7719472;-38.4695217;Meio De Quadra;;Não informado;;Não informado;;SAMU;;2408040521;;;;
IOQ8717;2024-08-04;16:14:03;Queda;Ferido;Avenida Pessoa Anta;;901;Centro;Não informado;-3.7208728;-38.5198807;Não informado;Não informado;Não informado;Não informado;Não informado;Não informado;SAMU;;2408040564;;;;
SFW3065;2024-08-04;16:33:24;Queda;Ferido;Rua Umarizeiras;;1821;Parque Presidente Vargas;;-3.8213588;-38.5978472;Meio De Quadra;;Não informado;;Não informado;;SAMU;;2408040583;;;;
JNZ5273;2024-08-04;16:44:47;Queda;Ferido;Contorno;;Não informado;Edson Queiroz;Não informado;-3.7697689;-38.4741084;Não informado;Não informado;Não informado;Não informado;Não informado;Não informado;SAMU;;2408040595;;;;
NQR1051;2024-08-04;21:11:00;Colisão;Fatal;Rua Marechal Bittencourt;;1011;DIAS MACEDO;Municipal;-3.7923561914490325;-38.53011325602938;Não informado;Não informado;Não informado;Não informado;Não informado;Não informado;PEFOCE;NQR1051;2408040864;598524;;;36806548
JLM5320;2024-08-05;07:51:19;Colisão;Ferido;Cidade Ecologica;;283;Edson Queiroz;;-3.7735499;-38.4677161;Meio De Quadra;;Não informado;;Não informado;;SAMU;;2408050159;;;;
IHG0084;2024-08-07;11:13:14;Queda;Ferido;Beira Mar;;Não informado;MEIRELES;Não informado;-3.725741;-38.4966461;Não informado;Não informado;Não informado;Não informado;Não informado;Não informado;SAMU;;2408070327;;;;
MQP6214;2024-08-08;10:08:44;Colisão;Ferido;Rua Visconde De Ico;;19;Vila Ellery;;-3.7199249;-38.5589637;Meio De Quadra;;Não informado;;Não informado;;SAMU;;2408080328;;;;
SND3870;2024-08-08;22:22:00;Atropelamento;Não informado;Rua Germano Franck;RUA CON LIMA SUCUPIRA;;PARANGABA;Municipal;-3.775297059074934;-38.55966583610876;Meio de quadra;Não informado;Residencial;Via Iluminada;Bom;Seca;AMCBO;976239;;;;;
UGX4221;2024-08-09;07:05:00;Colisão Frontal;Não informado;Rua Olegário Memória;;2954;Não informado;Municipal;-3.7913532758497746;-38.47147719003261;;Não há Controle;Não informado;;Não informado;;BEST;1885;;;;;
HQY9741;2024-08-09;16:47:31;Queda;Ferido;Presidente Castelo Branco;Rua Vila Velha;Cruzamento;Barra Do Ceara;;-3.7004966;-38.5868513;Cruzamento;;Não informado;;Não informado;;SAMU;;2408090728;;;;
THJ6078;2024-08-11;12:35:00;Queda;Ferido;Avenida Beira Mar;;3960;Meireles;;-3.723290699999999;-38.4855771;Meio De Quadra;;Não informado;;Não informado;;SAMU;;2408110430;;;;
IKY7546;2024-08-11;17:42:04;Colisão;Ferido;Avenida Godofredo Maciel;;4707;Mondubim;;-3.8163356;-38.5744407;Meio De Quadra;;Não informado;;Não informado;;SAMU;;2408110736;;;;
MBO7805;2024-08-11;20:52:26;Queda;Ferido;Lima Campos;;1135;Parque Presidente Vargas;;-3.8314962;-38.5993262;Meio De Quadra;;Não informado;;Não informado;;SAMU;;2408110938;;;;
BBV8542;2024-08-11;22:25:16;Queda;Ferido;Carneiro De Mendonça;;1386;Joquei Clube;;-3.7616878;-38.5712787;Meio De Quadra;;Não informado;;Não informado;;SAMU;;2408111039;;;;
DHP9799;2024-08-12;06:52:59;Colisão;Ferido;Da Paz;;215;Mucuripe;;-3.7341828;-38.5012847;Meio De Quadra;;Não informado;;Não informado;;SAMU;;2408120101;;;;
SCU0501;2024-08-12;12:39:51;Queda;Ferido;Rua Pedro Pereira;;491;Centro;;-3.7292765;-38.5298189;Meio De Quadra;;Não informado;;Não informado;;SAMU;;2408120435;;;;
USA9673;2024-08-13;08:53:04;Colisão;Ferido;Rua Rubia Sampaio;;1314;Farias Brito;;-3.7335474;-38.54104710000001;Meio De Quadra;;Não informado;;Não informado;;SAMU;;2408130239;;;;
SUM6711;2024-08-14;21:40:56;Queda;Ferido;Tiradentes;;351;Rodolfo Teofilo;;-3.7430775;-38.5480115;Meio De Quadra;;Não informado;;Não informado;;SAMU;;2408141001;;;;
YTK2307;2024-08-15;14:18:39;Queda;Ferido;Barra do Ceará;;Avenida Costa Oeste;BARRA DO CEARA;Não informado;-3.698122667355131;-38.576649602122764;Não informado;Não informado;Não informado;Não informado;Não informado;Não informado;SAMU;;2408150527;;;;
JHS8564;2024-08-15;21:04:00;Atropelamento;Fatal;Avenida Francisco Sá;;2979;Não informado;Municipal;-3.7191886332548294;-38.55202304801523;;Semáforo;Não informado;;Não informado;;BEST;1930;;;;;
DOH5839;2024-08-16;11:40:36;Colisão;Ferido;Sulamita Portela - Esquina Cj. Omega 2;;144;Quintino Cunha;Não informado;-3.7274835;-38.6009304;Não informado;Não informado;Não informado;Não informado;Não informado;Não informado;SAMU;;2408160352;;;;
OWO9897;2024-08-17;14:41:23;Colisão;Ferido;Rua Antero Quental;;100;Paupina;;-3.8524959;-38.4923685;Meio De Quadra;;Não informado;;Não informado;;SAMU;;2408170485;;;;
HJK2212;2024-08-19;09:47:06;Colisão;Ferido;Rua Adolfo Moreira De Carvalho;;156;Edson Queiroz;;-3.7739241;-38.4771644;Meio De Quadra;;Não informado;;Não informado;;SAMU;;2408190274;;;;
IRU4072;2024-08-19;12:10:55;Queda;Ferido;Belem Figueredo;;50;Jardim Iracema;;-3.7134082;-38.5837161;Meio De Quadra;;Não informado;;Não informado;;SAMU;;2408190417;;;;
TGU2813;2024-08-20;06:59:32;Colisão;Ferido;Porto Velho;;292;Henrique Jorge;;-3.7679597;-38.5832179;Meio De Quadra;;Não informado;;Não informado;;SAMU;;2408200130;;;;
ZVP3139;2024-08-20;14:01:23;Queda;Ferido;General Osorio De Paiva;;1127;Parangaba;;-3.7790762;-38.5720135;Meio De Quadra;;Não informado;;Não informado;;SAMU;;2408200492;;;;
AES0330;2024-08-20;22:14:04;Queda;Ferido;Borges De Melo ;;1575;FATIMA;Municipal;-3.757179;-38.533192;Não informado;Não informado;Não informado;Não informado;Não informado;Não informado;SAMU;AES0330;2408200945;;;;
XKD7323;2024-08-21;18:18:30;Colisão;Ferido;Desembargado Leite Albuquerque;Osvaldo Cruz 1286;Cruzamento;Aldeota;;-3.7369232;-38.5008892;Cruzamento;;Não informado;;Não informado;;SAMU;;2408210808;;;;
OKP6315;2024-08-22;07:40:00;Atropelamento;Ferido;Rua João Carvalho;AV BAR STUDART;;ALDEOTA;Municipal;-3.7376126941755436;-38.5076792394009;Cruz;Semáforo;Comercial;Luz do Dia;Bom;Seca;AMCBO;976212;;;;;
QEF0981;2024-08-22;12:05:52;Colisão;Ferido;Rua Amelia Benebien;;630;Papicu;;-3.7378841;-38.4777916;Meio De Quadra;;Não informado;;Não informado;;SAMU;;2408220374;;;;
HRX7405;2024-08-22;20:02:48;Queda;Ferido;Dourado;;275;Conjunto Palmeiras;;-3.843402;-38.5226093;Meio De Quadra;;Não informado;;Não informado;;SAMU;;2408220793;;;;
VTR2847;2024-08-22;21:06:56;Queda;Ferido;Professor Otavio Lobo;;Não informado;PAPICU;Não informado;-3.7427838;-38.4777982;Não informado;Não informado;Não informado;Não informado;Não informado;Não informado;SAMU;;2408220853;;;;
JSH2355;2024-08-23;11:42:59;Queda;Ferido;Professor Virgilio Brandao;;133;Autran Nunes;;-3.7495691;-38.5956332;Meio De Quadra;;Não informado;;Não informado;;SAMU;;2408230328;;;;
SJR5896;2024-08-23;23:23:20;Colisão;Ferido;Almirante Henrique Saboia [];;1096;Varjota;Não informado;-3.7344126;-38.4841963;Não informado;Não informado;Não informado;Não informado;Não informado;Não informado;SAMU;;2408231072;;;;
UEA9894;2024-08-24;13:25:07;Queda;Ferido;Avenida Domingos Olimpio;;1839;Centro;;-3.7338057;-38.5397412;Meio De Quadra;;Não informado;;Não informado;;SAMU;;2408240523;;;;
NSB3614;2024-08-24;21:41:56;Queda;Ferido;Padre Antonio;AV DES MOREIRA;Cruzamento;ALDEOTA;Não informado;-3.7401793;-38.49966209999999;Não informado;Não informado;Não informado;Não informado;Não informado;Não informado;SAMU;;2408241103;;;;
JOQ2323;2024-08-24;21:55:30;Queda;Ferido;Avenida I;;s/n;PREFEITO JOSE VALTER;Não informado;-3.832581582595908;-38.552802995728065;Não informado;Não informado;Não informado;Não informado;Não informado;Não informado;SAMU;;2408241118;;;;
WOW0207;2024-08-26;07:08:31;Queda;Ferido;Bezerra De Menezes;;1301;Sao Gerardo;;-3.7341793;-38.5561954;Meio De Quadra;;Não informado;;Não informado;;SAMU;;2408260127;;;;
HYT1695;2024-08-26;12:02:13;Atropelamento;Ferido;Idelfonso Albano;;154;Meireles;;-3.722482;-38.5098266;Meio De Quadra;;Não informado;;Não informado;;SAMU;;2408260411;;;;
KZL2203;2024-08-26;14:25:25;Colisão;Ferido;Gomes De Matos;;798;Montese;;-3.7601797;-38.54481670000001;Meio De Quadra;;Não informado;;Não informado;;SAMU;;2408260579;;;;
DIH7179;2024-08-26;18:12:59;Queda;Ferido;Avenida Beira Mar;;Não informado;Praia De Iracema;Não informado;-3.720142;-38.5119907;Não informado;Não informado;Não informado;Não informado;Não informado;Não informado;SAMU;;2408260811;;;;
JTH8066;2024-08-26;20:17:17;Colisão;Ferido;BR 116 KM 9;;Não informado;Messejana;;-3.82818780089727;-38.5049624475077;Meio De Quadra;;Não informado;;Não informado;;SAMU;;2408260941;;;;
YCB9085;2024-08-27;10:03:55;Queda;Ferido;Contorno;;Não informado;EDSON QUEIROZ;Não informado;-3.7697689;-38.4741084;Não informado;Não informado;Não informado;Não informado;Não informado;Não informado;SAMU;;2408270240;;;;
BVR8055;2024-08-27;11:42:54;Colisão;Ferido;Rodrigues Junior;;840;Centro;;-3.731828;-38.5209938;Meio De Quadra;;Não informado;;Não informado;;SAMU;;2408270331;;;;
LXA4981;2024-08-28;06:23:59;Atropelamento;Ferido;Avenida Beira Mar;;3680;Meireles;;-3.7233929;-38.4879214;Meio De Quadra;;Não informado;;Não informado;;SAMU;;2408280097;;;;
WLY8139;2024-08-28;20:10:41;Queda;Ferido;Washington Soares;;5205;Cambeba;;-3.8047186;-38.4791216;Meio De Quadra;;Não informado;;Não informado;;SAMU;;2408280892;;;;
GPG9952;2024-08-29;20:21:45;Colisão;Ferido;Contorno;;300;Edson Queiroz;;-3.7694703;-38.4738999;Meio De Quadra;;Não informado;;Não informado;;SAMU;;2408290978;;;;
FXE6503;2024-08-30;12:36:30;Queda;Ferido;Avenida Professor Gomes De Matos;;928;Montese;;-3.761099199999999;-38.5456909;Meio De Quadra;;Não informado;;Não informado;;SAMU;;2408300547;;;;
EIG6130;2024-08-31;18:51:05;Colisão;Ferido;Rio Grande Do Norte;Parana;Cruzamento;Democrito Rocha;;-3.7578809;-38.5687241;Cruzamento;;Não informado;;Não informado;;SAMU;;2408310770;;;;
QMA3776;2024-09-01;06:56:04;Queda;Ferido;Da Abolição  - Condo Cromos;;2121;MEIRELES;Não informado;-3.7261532;-38.4990184;Não informado;Não informado;Não informado;Não informado;Não informado;Não informado;SAMU;;2409010198;;;;
NLA5789;2024-09-01;20:48:49;Queda;Ferido;Doutor Joao Amora;;1296;Manuel Satiro;;-3.7996261;-38.5858907;Meio De Quadra;;Não informado;;Não informado;;SAMU;;2409010894;;;;
QAR6632;2024-09-03;08:25:28;Queda;Ferido;Pedro Muniz;;192;Democrito Rocha;;-3.7634098;-38.5623471;Meio De Quadra;;Não informado;;Não informado;;SAMU;;2409030184;;;;